question_id,question,question_type,company,ticker,form_type,filing_year,reference_answer,expected_decision,final_answer,pipeline,n_chunks,rewritten_query,latency_sec,token_f1,numerical_accuracy,decision_accuracy,predicted_decision,llm_correctness_score,llm_claims_covered,llm_correctness_reason,llm_faithfulness_score,llm_faithfulness_reason,model_generator,model_judge_correctness,model_judge_faithfulness,tokens_generate_input,tokens_generate_output,tokens_judge_corr_input,tokens_judge_corr_output,tokens_judge_faith_input,tokens_judge_faith_output,tokens_total_input,tokens_total_output,est_cost_usd
1,What were Apple’s total net sales in fiscal year 2023?,extractive,Apple,AAPL,10-K,2023.0,"Apple's total net sales in fiscal year 2023 were $383,285 million.",answer,Apple's total net sales in fiscal year 2023 cannot be determined from the provided filings,advanced_rag,7,Apple Inc,5.65,0.6153846153846153,0.5,1.0,answer,0.0,0.0,"The candidate states the information cannot be determined, which directly contradicts the reference answer that provides the specific sales figure. The key numerical fact is missing.",1.0,"The candidate correctly states that the total net sales for the full fiscal year 2023 cannot be determined from the provided context. The 10-Q filings provide net sales for six and nine months of fiscal year 2023, but not the complete fiscal year. The 10-K filing for 2023 does not contain this specific financial figure.",gemini-2.5-flash,gemini-2.5-flash,gemini-2.5-flash,5310,28,169,52,5145,102,10624,182,0.0011352
2,"According to Apple’s fiscal Q3 2025 filing, which countries were subject to new U.S. import tariffs?",extractive,Apple,AAPL,10-Q,2025.0,"According to Apple's Q3 2025 filing, the U.S. imposed additional tariffs on imports from China, India, Japan, South Korea, Taiwan, Vietnam, and the European Union.",answer,"The provided filings state that new tariffs were announced on imports to the U.S. beginning in the second quarter of 2025 [3]. However, the filings do not specify which countries were subject to these new U.S. import tariffs.",advanced_rag,7,Apple fiscal Q3,5.29,0.25396825396825395,1.0,1.0,answer,0.0,0.0,"The candidate explicitly states that the filings do not specify the countries subject to tariffs, which directly contradicts the reference answer that lists all the countries.",1.0,"The candidate answer accurately states that new tariffs were announced on imports to the U.S. beginning in Q2 2025, and correctly identifies that the provided context does not specify which countries were subject to these tariffs. All claims are directly supported or accurately reflect the absence of information in the context.",gemini-2.5-flash,gemini-2.5-flash,gemini-2.5-flash,4669,64,229,46,4523,85,9421,195,0.0010201000000000001
3,What are the contingencies declared by Microsoft for the quarter ended in September 2023?,extractive,Microsoft,MSFT,10-Q,2023.0,"Microsoft declared a contingency related to IRS Notices of Proposed Adjustment for tax years 2004–2013, seeking an additional tax payment of $28.9 billion plus penalties and interest due to intercompany transfer pricing issues.",answer,"As of September 30, 2023, Microsoft declared that its allowances",advanced_rag,7,Microsoft contingencies for quarter,5.31,0.13953488372093023,0.6666666666666666,1.0,answer,0.0,0.0,"The candidate answer is extremely vague and does not provide any specific details about the IRS contingency, the amount, or the reason, which are key facts in the reference. It only states Microsoft declared ""allowances"" as of the date, which is not the same as the specific contingency described.",0.3,The answer correctly identifies the date and the subject of the contingency (allowances) from the context but is an incomplete sentence and does not state the actual declaration about the adequacy or future outlook of these contingencies.,gemini-2.5-flash,gemini-2.5-flash,gemini-2.5-flash,3355,59,192,81,3184,72,6731,212,0.0007579
4,Which Microsoft business segment generated the highest revenue in the 2023 fiscal year?,extractive,Microsoft,MSFT,10-K,2023.0,"Intelligent Cloud generated the highest revenue with $87,907 million in fiscal year 2023.",answer,Insufficient information in the provided filings.,advanced_rag,7,Microsoft,4.52,0.21052631578947367,0.0,0.0,refuse,0.0,0.0,"The candidate states ""Insufficient information"" which is incorrect, as the reference provides the specific segment, revenue, and fiscal year requested.",1.0,"The provided context does not contain any financial data or revenue figures for Microsoft's business segments in fiscal year 2023, making it impossible to determine which segment generated the highest revenue. The candidate answer correctly identifies this lack of information.",gemini-2.5-flash,gemini-2.5-flash,gemini-2.5-flash,4522,13,156,49,4343,72,9021,134,0.0009557000000000001
5,What risk does Nvidia mention that could affect the timing of Data Center revenue in fiscal year 2025?,extractive,NVIDIA,NVDA,10-K,2025.0,Customers may delay adopting new architectures if their data centre infrastructure is not ready.,answer,"A shortage of data centers, energy, and capital to support the buildout of NVIDIA AI infrastructure by customers",advanced_rag,7,Nvidia Data,5.32,0.1875,,1.0,answer,0.9,1.0,"The candidate correctly identifies customer infrastructure readiness/availability as a key risk affecting revenue timing, providing specific reasons like shortages of data centers, energy, and capital, which aligns well with the reference's 'data centre infrastructure is not ready'.",1.0,"The candidate answer directly states the risk mentioned in the 'Risk Factors' section of the NVIDIA 10-K 2025 filing, specifically regarding shortages of data centers, energy, and capital impacting future revenue.",gemini-2.5-flash,gemini-2.5-flash,gemini-2.5-flash,2837,30,165,78,2666,68,5668,176,0.0006372
6,What was Nvidia's gross margin percentage in fiscal year 2024?,extractive,NVIDIA,NVDA,10-K,2024.0,"Nvidia's gross margin was 72.7% in FY2024, up from 56.9% in FY2023.",answer,Insufficient information in the provided filings.,advanced_rag,0,N,3.22,0.1111111111111111,0.0,0.0,refuse,0.0,0.0,"The candidate answer incorrectly states that information is insufficient, while the reference provides the exact gross margin percentage for Nvidia in FY2024.",1.0,"The candidate correctly states that information is insufficient, which aligns with the empty context.",gemini-2.5-flash,gemini-2.5-flash,gemini-2.5-flash,298,16,165,51,120,39,583,106,0.00010070000000000001
7,How many employees did Nvidia report at the end of fiscal year 2025?,extractive,NVIDIA,NVDA,10-K,2025.0,"As of the end of fiscal year 2025, Nvidia had approximately 36,000 employees in 38 countries; 27,100 in research and development and 8,900 in sales, marketing, operations and administrative positions.",answer,Insufficient information in the provided filings. The context states that as of the end of fiscal year,advanced_rag,7,Nvidia total employees,5.29,0.3404255319148936,0.0,0.0,refuse,0.0,0.0,"The candidate states 'Insufficient information' while the reference provides the exact number of employees (36,000) for the specified period and company.",1.0,"The context explicitly states the employee count for fiscal year 2026, but does not provide this information for fiscal year 2025. The candidate answer correctly identifies this lack of information.",gemini-2.5-flash,gemini-2.5-flash,gemini-2.5-flash,4382,28,200,54,4212,64,8794,146,0.0009378000000000001
8,What was JPMorgan's CET1 capital ratio at the end of fiscal year 2023?,extractive,JPMorgan Chase,JPM,10-K,2023.0,"JPMorgan's Standardized and Advanced CET1 capital ratios were both 15.0% at end of FY2023, with CET1 capital of $251 billion.",answer,Insufficient information in the provided filings.,advanced_rag,7,JPMorgan Chase &,4.15,0.0,0.0,0.0,refuse,0.0,0.0,The candidate states 'Insufficient information' which is incorrect. The reference provides the specific CET1 capital ratio (15.0%) and capital amount ($251 billion) for JPMorgan at the end of FY2023.,1.0,"The provided context does not contain information about JPMorgan's CET1 capital ratio for fiscal year 2023, making the candidate answer accurate.",gemini-2.5-flash,gemini-2.5-flash,gemini-2.5-flash,1957,16,174,70,1773,53,3904,139,0.00044600000000000005
9,Which federal regulator supervises JPMorgan Chase as a bank holding company in 2024?,extractive,JPMorgan Chase,JPM,10-K,2024.0,JPMorgan Chase is supervised and regulated by the Federal Reserve as a bank holding company.,answer,Insufficient information in the provided filings.,advanced_rag,7,J,5.29,0.09523809523809522,,0.0,refuse,0.0,0.0,"The candidate answer incorrectly states that information is insufficient, failing to identify the Federal Reserve as the supervisor.",1.0,The provided context does not contain information about which federal regulator supervises JPMorgan Chase as a bank holding company. The candidate answer accurately reflects this lack of information.,gemini-2.5-flash,gemini-2.5-flash,gemini-2.5-flash,2986,14,149,43,2807,54,5942,111,0.0006386
10,What were Bank of America's Total liabilities as of September 2025?,extractive,Bank of America,BAC,10-Q,2025.0,"Bank of America's total liabilities as of September 30, 2025 were $3,099,564 million.",answer,"Insufficient information in the provided filings. The provided context does not contain Bank of America's Total liabilities as of September 2025. The latest available period-end data is June 30, 2025 [4]. Additionally, ""Total liabilities"" is not explicitly listed in the provided balance sheet information, only ""Total assets"" and ""Total deposits"" [1, 2,",advanced_rag,7,Bank of America Total,5.38,0.3076923076923077,0.6666666666666666,0.0,refuse,0.0,0.0,"The candidate incorrectly states that the information is unavailable, directly contradicting the reference answer which provides the specific value for Bank of America's total liabilities as of September 2025.",1.0,"The answer correctly states that the requested information (Total liabilities as of September 2025) is not available in the provided context. It accurately identifies that 'Total liabilities' is not explicitly listed and that the latest period-end data is June 30, 2025, which is supported by the context.",gemini-2.5-flash,gemini-2.5-flash,gemini-2.5-flash,4672,93,239,60,4567,90,9478,243,0.0010450000000000001
11,What interest rate risk does Bank of America describe in its latest annual filing?,extractive,Bank of America,BAC,10-K,2024.0,"Bank of America manages interest rate risk through an overall strategy incorporating derivatives and cash instruments to manage fluctuations in earnings and capital caused by interest rate volatility, with the goal that movements in interest rates do not significantly adversely affect earnings and capital.",answer,Insufficient information in the provided filings. The retrieved context from Bank of America's latest annual filing (2025 10-K,advanced_rag,7,Bank of America,5.06,0.1290322580645161,,0.0,refuse,0.0,0.0,"The candidate incorrectly states that there is insufficient information, while the reference provides a detailed description of Bank of America's interest rate risk management strategy.",1.0,"The candidate correctly states that there is insufficient information in the provided filings regarding interest rate risk, as the context does not describe this specific risk.",gemini-2.5-flash,gemini-2.5-flash,gemini-2.5-flash,1968,38,196,52,1813,51,3977,141,0.00045410000000000003
12,What was Berkshire Hathaway’s net earnings attributable to shareholders reported in its latest annual report?,extractive,Berkshire Hathaway,BRK-B,10-K,2025.0,"Berkshire Hathaway's net earnings attributable to Berkshire shareholders in fiscal year 2025 were $66,968 million.",answer,Insufficient information in the provided filings.,advanced_rag,0,Berkshire Hathaway net,3.26,0.09523809523809522,0.0,0.0,refuse,0.0,0.0,The candidate states 'Insufficient information' while the reference provides a specific net earnings value for Berkshire Hathaway for fiscal year 2025.,1.0,"The candidate accurately states that information is insufficient, which is true given the empty context.",gemini-2.5-flash,gemini-2.5-flash,gemini-2.5-flash,303,17,160,51,121,40,584,108,0.0001016
13,How much did Berkshire Hathaway pay to acquire an additional interest in Pilot Travel Centers in January 2023?,extractive,Berkshire Hathaway,BRK-B,10-Q,2023.0,"Berkshire Hathaway acquired an additional 41.4% controlling interest in Pilot Travel Centers for approximately $8.2 billion on January 31, 2023, which was consolidated into financial statements from February 1, 2023.",answer,Insufficient information in the provided filings.,advanced_rag,0,Berkshire,3.48,0.05555555555555555,0.0,0.0,refuse,0.0,0.0,"The candidate states ""Insufficient information"" which is incorrect as the reference provides a specific answer with the acquisition details.",1.0,"The candidate correctly states that there is insufficient information, which is accurate given the empty context.",gemini-2.5-flash,gemini-2.5-flash,gemini-2.5-flash,311,14,190,45,126,41,627,100,0.0001027
14,What were Johnson & Johnson’s total sales for the first nine months of fiscal 2025?,extractive,Johnson & Johnson,JNJ,10-Q,2025.0,"Johnson & Johnson's total sales for the nine months ended September 28, 2025 were $69,629 million.",answer,"Insufficient information in the provided filings. The retrieved context indicates that ""Consolidated statements of earnings for the",advanced_rag,7,Johnson & Johnson,5.14,0.125,0.0,0.0,refuse,0.0,0.0,The candidate answer states 'Insufficient information' and provides none of the requested facts or values from the reference answer.,1.0,"The candidate correctly states that the information is insufficient to provide the total sales figure. While the context indicates the existence of 'Consolidated statements of earnings for the fiscal nine months ended September 28, 2025' in filing [4], the actual sales data is not provided in the retrieved content.",gemini-2.5-flash,gemini-2.5-flash,gemini-2.5-flash,3278,29,180,45,3107,86,6565,160,0.0007205000000000001
15,What was Johnson & Johnson’s net earnings in the most recent annual report?,extractive,Johnson & Johnson,JNJ,10-K,2025.0,"Johnson & Johnson's net earnings from continuing operations in fiscal year 2025 were $26,804 million.",answer,Insufficient information in the provided filings. The retrieved context for the most recent annual report (J,advanced_rag,7,Johnson,5.19,0.06666666666666667,0.0,0.0,refuse,0.0,0.0,The candidate answer states 'Insufficient information' and provides no relevant data from the reference answer.,1.0,"The retrieved context does not contain information about Johnson & Johnson's net earnings for any annual report, thus the candidate answer correctly states that the information is insufficient.",gemini-2.5-flash,gemini-2.5-flash,gemini-2.5-flash,2415,24,168,41,2250,55,4833,120,0.0005313000000000001
16,What was UnitedHealth Group's medical care ratio for the three months ended June 2024?,extractive,UnitedHealth Group,UNH,10-Q,2024.0,"UnitedHealth Group's medical care ratio (MCR) for the three months ended June 30, 2024 was 85.1%, up from 83.2% in Q2 2023, an increase of 1.9 percentage points.",answer,Insufficient information in the provided filings.,advanced_rag,7,UnitedHealth Group,5.04,0.11764705882352941,0.0,0.0,refuse,0.0,0.0,"The candidate answer states ""Insufficient information"", which is incorrect as the reference provides the specific medical care ratio for the requested period.",1.0,"The provided financial statements (10-Q filings for March 31, 2024, and September 30, 2024) do not contain the medical care ratio or the necessary components (medical costs and premiums) for the three months ended June 2024. The 10-Q filed on August 9, 2024, which would typically cover this period, has truncated content.",gemini-2.5-flash,gemini-2.5-flash,gemini-2.5-flash,4494,41,196,48,4310,115,9000,204,0.0009816
17,What was UnitedHealth Group’s net earnings reported in 2023?,extractive,UnitedHealth Group,UNH,10-K,2023.0,"UnitedHealth Group's net earnings reported in 2023 is $23,144 million.",answer,"Insufficient information in the provided filings. The available filings are quarterly reports for 2023,",advanced_rag,7,UnitedHealth Group,5.01,0.16666666666666666,0.5,0.0,refuse,0.0,0.0,The candidate answer states 'Insufficient information' and does not provide the requested net earnings value for UnitedHealth Group in 2023.,1.0,"The candidate correctly identifies that the provided context, consisting of 2023 quarterly reports (10-Q filings), does not contain the full-year net earnings for 2023. The context only provides net earnings for the three-month and six-month periods ended March 31, June 30, and nine-month period ended September 30, 2023.",gemini-2.5-flash,gemini-2.5-flash,gemini-2.5-flash,4780,32,167,51,4614,108,9561,191,0.0010325
18,How many oil-equivalent barrels per day did ExxonMobil produce in fiscal year 2023?,extractive,Exxon Mobil,XOM,10-K,2023.0,"ExxonMobil produced 3,738 thousand oil-equivalent barrels per day",answer,Insufficient information in the provided filings.,advanced_rag,0,Ex,3.49,0.0,0.0,0.0,refuse,0.0,0.0,"The candidate states insufficient information, but the reference provides a specific production number for ExxonMobil in 2023.",1.0,"The candidate answer correctly states that there is insufficient information, which is accurate given the empty retrieved context.",gemini-2.5-flash,gemini-2.5-flash,gemini-2.5-flash,306,14,151,47,124,38,581,99,9.77e-05
19,What was the total value of acquisitions completed by ExxonMobil during the third quarter of 2025?,extractive,Exxon Mobil,XOM,10-Q,2025.0,ExxonMobil completed $2.4 billion in acquisitions consisting primarily of proved and unproved acreage in the Permian basin.,answer,Insufficient information in the provided filings.,advanced_rag,7,ExxonMobil,5.21,0.1739130434782609,0.0,0.0,refuse,0.0,0.0,The candidate answer states 'Insufficient information' while the reference provides a specific value ($2.4 billion) for ExxonMobil's acquisitions.,1.0,"The provided context does not contain any information about the total value of acquisitions completed by ExxonMobil during the third quarter of 2025. Therefore, the candidate answer stating 'Insufficient information in the provided filings' is fully grounded and accurate.",gemini-2.5-flash,gemini-2.5-flash,gemini-2.5-flash,1864,15,160,51,1680,72,3704,138,0.00042560000000000005
20,"What primarily caused Chevron’s international upstream earnings to decrease in the three months ended March 31, 2024?",extractive,Chevron,CVX,10-Q,2024.0,Chevron's International Upstream earnings decreased was primarily due to lower natural gas realizations,answer,"International upstream earnings decreased by $702 million, from $4,032 million",advanced_rag,7,Chevron international upstream earnings,5.12,0.34782608695652173,,1.0,answer,0.1,0.5,"The candidate provides numerical details of the decrease but fails to identify the primary cause of the decrease, which was explicitly asked in the question and provided in the reference.",1.0,"The candidate answer accurately states the decrease in international upstream earnings ($702 million) and the prior year's earnings ($4,032 million) for the three months ended March 31, 2024, which is directly supported by context [1]. The context does not provide the primary causes for this decrease for the specified period, and the candidate answer correctly avoids hallucinating this information.",gemini-2.5-flash,gemini-2.5-flash,gemini-2.5-flash,4642,31,168,55,4464,115,9274,201,0.0010078
21,What are Chevron’s two primary business segments in 2025?,extractive,Chevron,CVX,10-K,2025.0,Chevron's two primary business segments in 2025 are Upstream and Downstream.,answer,Chevron's two primary business segments in 2025 are its oil and gas,advanced_rag,7,Chevron 2,5.26,0.7826086956521738,1.0,1.0,answer,0.1,0.0,The candidate correctly identifies the company and year but provides incorrect business segments. 'Oil and gas' are not the primary segments; 'Upstream' and 'Downstream' are.,0.5,"The candidate answer correctly identifies 'oil and gas' as a primary business area, which is supported by the context. However, the context also indicates 'new energies businesses' as another primary area Chevron aims to grow, which the candidate answer omits, making it incomplete.",gemini-2.5-flash,gemini-2.5-flash,gemini-2.5-flash,3995,29,160,59,3828,77,7983,165,0.0008643
22,What liability did Walmart accrue in fiscal year 2023 for opioid-related settlement agreements?,extractive,Walmart,WMT,10-Q,2023.0,"During fiscal 2023, Walmart accrued a liability of approximately $3.3 billion for the opioid-related Settlement Framework.",answer,"During fiscal year 2023, Walmart accrued a liability of approximately $3.3 billion for the Settlement Framework and other previously agreed upon state and tribal settlements related to opioid-related litigation [1, 3, 5].",advanced_rag,7,Walmart opioid settlement liability,4.5,0.6666666666666666,1.0,1.0,answer,1.0,1.0,"The candidate answer perfectly matches the reference answer in terms of company, fiscal year, liability amount, units, and the context of the opioid-related settlement.",1.0,"All information in the candidate answer, including the amount and the fiscal year, is directly supported by multiple retrieved context snippets [1, 3, 5].",gemini-2.5-flash,gemini-2.5-flash,gemini-2.5-flash,2247,57,201,54,2105,55,4553,166,0.0005217
23,How many associates did Walmart employ globally in fiscal year 2025?,extractive,Walmart,WMT,10-K,2025.0,Walmart employed approximately 2.1 million associates.,answer,Insufficient information in the provided filings.,advanced_rag,7,Walmart,4.8,0.0,0.0,0.0,refuse,0.0,0.0,"The candidate states insufficient information, which is incorrect as the reference provides the specific number of associates.",1.0,"The provided context does not contain any information about the number of associates Walmart employed globally in fiscal year 2025, thus the candidate answer is fully supported by the lack of information.",gemini-2.5-flash,gemini-2.5-flash,gemini-2.5-flash,5146,16,139,42,4970,61,10255,119,0.0010731000000000002
24,What was Costco’s total revenue reported in fiscal year 2025?,extractive,Costco,COST,10-K,2025.0,"Costco's total revenue for fiscal year 2025 was $275,235 million.",answer,"Insufficient information in the provided filings. The context provides total revenue for the 12 weeks ended November 23, 2025, which was $67,307 million [1], but not for the entire fiscal year 2025.",advanced_rag,7,Costco total,4.71,0.38095238095238093,0.5,0.0,refuse,0.0,0.0,"The candidate incorrectly states that information for the entire fiscal year 2025 is insufficient, directly contradicting the reference answer which provides the full year revenue. It also provides a value for a partial period, not the requested full fiscal year.",1.0,"The candidate accurately states that the full fiscal year 2025 revenue is not available in the provided context, and correctly cites the 12-week revenue figure that is present.",gemini-2.5-flash,gemini-2.5-flash,gemini-2.5-flash,4402,64,204,79,4272,61,8878,204,0.0009694000000000001
25,"What membership fee revenue did Costco report for the quarter ended November 26, 2023?",extractive,Costco,COST,10-Q,2023.0,"Costco reported membership fee revenue of $1,082 million for the 12 weeks ended November 26, 2023.",answer,Insufficient information in the provided filings.,advanced_rag,7,Cost,5.15,0.09090909090909091,0.0,0.0,refuse,0.0,0.0,"The candidate states ""Insufficient information"" which is incorrect, as the reference provides the specific membership fee revenue.",1.0,"The provided context, including the 10-Q filing for the quarter ended November 26, 2023, does not contain information about membership fee revenue.",gemini-2.5-flash,gemini-2.5-flash,gemini-2.5-flash,4310,16,167,44,4128,59,8605,119,0.0009081
26,What amount of revenue did Apple generate during fiscal year 2023?,paraphrased,Apple,AAPL,10-K,2023.0,"Apple's total net sales in fiscal year 2023 were $383,285 million.",answer,Insufficient information in the provided filings. The retrieved context provides net sales for the nine months ended July,advanced_rag,7,Apple Inc.,5.35,0.20689655172413793,0.0,0.0,refuse,0.0,0.0,"The candidate states insufficient information and provides no value, while the reference provides the exact revenue for fiscal year 2023.",1.0,"The candidate correctly states that the full fiscal year 2023 revenue is not available in the provided context, and accurately mentions the partial net sales data that is present.",gemini-2.5-flash,gemini-2.5-flash,gemini-2.5-flash,5008,27,166,49,4842,58,10016,134,0.0010552
27,Which regions were impacted by the newly announced U.S. import duties referenced in Apple’s Q3 2025 report?,paraphrased,Apple,AAPL,10-Q,2025.0,"According to Apple's Q3 2025 filing, the U.S. imposed additional tariffs on imports from China, India, Japan, South Korea, Taiwan, Vietnam, and the European Union.",answer,"Insufficient information in the provided filings. The retrieved context, including Apple's Q3 2025 report [3, 5], does not contain any discussion of newly announced U.",advanced_rag,7,Apple,5.43,0.20000000000000004,1.0,0.0,refuse,0.0,0.0,"The candidate states insufficient information, while the reference provides specific details about the regions impacted by U.S. import duties. None of the key facts from the reference are present in the candidate.",1.0,"The candidate correctly states that the provided context, including Apple's Q3 2025 report, does not contain any discussion of newly announced U.S. import duties or impacted regions.",gemini-2.5-flash,gemini-2.5-flash,gemini-2.5-flash,5040,48,216,61,4884,63,10140,172,0.0010828
28,What potential financial obligations did Microsoft flag in its three-month period ending September 2023?,paraphrased,Microsoft,MSFT,10-Q,2023.0,"Microsoft declared a contingency related to IRS Notices of Proposed Adjustment for tax years 2004–2013, seeking an additional tax payment of $28.9 billion plus penalties and interest due to intercompany transfer pricing issues.",answer,"For the three-month period ending September 2023, Microsoft flagged the potential",advanced_rag,7,Microsoft potential financial,5.32,0.09090909090909091,0.6666666666666666,1.0,answer,0.05,0.17,"The candidate correctly identifies the company and the reporting period but fails to provide any details about the specific financial obligation, its nature, amount, or reason.",0.0,The candidate answer is incomplete and does not list any specific potential financial obligations. The context (filing dated 2023-10-24) mentions 'the fair value of and/or potential impairment of goodwill and intangible assets' and 'the potential outcome of uncertain tax positions'.,gemini-2.5-flash,gemini-2.5-flash,gemini-2.5-flash,2518,27,194,55,2346,83,5058,165,0.0005718
29,Which of Microsoft’s operating divisions contributed the largest share of revenue in the most recent fiscal year?,paraphrased,Microsoft,MSFT,10-K,2023.0,"Intelligent Cloud generated the highest revenue with $87,907 million in fiscal year 2023.",answer,"Insufficient information in the provided filings. The context provides revenue increases and growth percentages for various products and services, such as Microsoft 365 Commercial products and cloud services [1, 2, 6, 7] and Productivity and Business Processes [5], but it does not provide the total revenue for any specific operating division or their respective shares of",advanced_rag,7,Microsoft operating,5.29,0.11594202898550726,0.0,0.0,refuse,0.0,0.0,"The candidate answer states that there is insufficient information and does not provide any of the key facts from the reference answer, such as the division, revenue, or fiscal year.",1.0,"The candidate correctly states that the provided context lacks the necessary information (total revenue for operating divisions or their shares) to answer the question, and accurately identifies the type of information that is present (revenue increases and growth percentages).",gemini-2.5-flash,gemini-2.5-flash,gemini-2.5-flash,1710,79,222,57,1593,67,3525,203,0.0004337000000000001
30,What factor does Nvidia identify that could delay the recognition of Data Center revenue in fiscal year 2025?,paraphrased,NVIDIA,NVDA,10-K,2025.0,Customers may delay adopting new architectures if their data centre infrastructure is not ready.,answer,Insufficient information in the provided filings.,advanced_rag,7,N,5.41,0.0,,0.0,refuse,0.0,0.0,"The candidate states insufficient information, while the reference provides a specific factor for revenue delay.",1.0,The provided context does not contain any information identifying a factor that could delay the recognition of Data Center revenue in fiscal year 2025. The candidate answer accurately reflects this lack of information.,gemini-2.5-flash,gemini-2.5-flash,gemini-2.5-flash,2651,13,151,35,2468,62,5270,110,0.000571
31,What proportion of Nvidia’s revenue remained as gross profit during fiscal year 2024?,paraphrased,NVIDIA,NVDA,10-K,2024.0,"Nvidia's gross margin was 72.7% in FY2024, up from 56.9% in FY2023.",answer,Insufficient information in the provided filings. The retrieved context does not contain the necessary figures for Nvidia,advanced_rag,7,NVIDIA fiscal,5.33,0.06896551724137931,0.0,0.0,refuse,0.0,0.0,"The candidate incorrectly states that information is insufficient, failing to provide the correct gross margin for FY2024 which is present in the reference answer.",1.0,"The retrieved context does not contain the specific figures for Nvidia's total revenue and gross profit for fiscal year 2024, which are necessary to calculate the proportion requested.",gemini-2.5-flash,gemini-2.5-flash,gemini-2.5-flash,3344,29,179,53,3173,59,6696,141,0.000726
32,What was the size of Nvidia's workforce at the close of its 2025 annual period?,paraphrased,NVIDIA,NVDA,10-K,2025.0,"As of the end of fiscal year 2025, Nvidia had approximately 36,000 employees in 38 countries; 27,100 in research and development and 8,900 in sales, marketing, operations and administrative positions.",answer,Insufficient information in the provided filings.,advanced_rag,7,NVIDIA,4.49,0.1111111111111111,0.0,0.0,refuse,0.0,0.0,"The candidate states that information is insufficient, which directly contradicts the reference answer that provides specific details about Nvidia's workforce size, breakdown, and period.",1.0,"The provided context does not contain any information about the size of Nvidia's workforce at the close of its 2025 annual period, making the candidate answer fully grounded.",gemini-2.5-flash,gemini-2.5-flash,gemini-2.5-flash,1971,15,193,48,1788,59,3952,122,0.000444
33,What Common Equity Tier 1 capital ratio did JPMorgan report at the end of fiscal year 2023?,paraphrased,JPMorgan,JPM,10-K,2023.0,"JPMorgan's Standardized and Advanced CET1 capital ratios were both 15.0% at end of FY2023, with CET1 capital of $251 billion.",answer,JPMorgan reported a Common Equity Tier 1 (CET1) capital ratio of 15.0% at the end of fiscal year 2023 [6].,advanced_rag,7,JPMorgan Common,3.87,0.35,0.8,1.0,answer,1.0,0.67,The candidate correctly states the Common Equity Tier 1 capital ratio and the period. It omits the additional detail about the CET1 capital amount.,1.0,"The candidate answer accurately states the Common Equity Tier 1 (CET1) capital ratio for 2023 as 15.0%, which is directly supported by the 'THREE-YEAR SUMMARY OF CONSOLIDATED FINANCIAL HIGHLIGHTS' table in context [6].",gemini-2.5-flash,gemini-2.5-flash,gemini-2.5-flash,3886,45,205,53,3730,79,7821,177,0.0008529000000000001
34,What government body had oversight responsibility over JPMorgan Chase's holding company structure in 2024?,paraphrased,JPMorgan,JPM,10-K,2024.0,JPMorgan Chase is supervised and regulated by the Federal Reserve as a bank holding company.,answer,Insufficient information in the provided filings.,advanced_rag,7,JPMorgan Chase bank,4.84,0.09523809523809522,,0.0,refuse,0.0,0.0,The candidate answer states 'Insufficient information' which is incorrect. The reference answer clearly identifies the Federal Reserve as the oversight body.,1.0,"The provided context does not contain any information about the government body responsible for oversight of JPMorgan Chase's holding company structure, making the candidate answer accurate and fully grounded.",gemini-2.5-flash,gemini-2.5-flash,gemini-2.5-flash,1538,17,151,48,1354,56,3043,121,0.0003527
35,What was the aggregate sum of all debts and obligations owed by Bank of America as of September 2025?,paraphrased,Bank of America,BAC,10-Q,2025.0,"Bank of America's total liabilities as of September 30, 2025 were $3,099,564 million.",answer,"Insufficient information in the provided filings. The retrieved context includes a Condensed Balance Sheet for Bank of America as of December 31, 2025, but not for September 2025 [3].",advanced_rag,7,Bank,5.02,0.28571428571428575,0.3333333333333333,0.0,refuse,0.0,0.0,"The candidate states insufficient information for the requested period, failing to provide the specific value from the reference answer. It correctly identifies the company and the requested period but does not provide the actual data.",1.0,"The candidate accurately states that the requested information for September 2025 is not available in the provided context, which only offers data for December 31, 2025.",gemini-2.5-flash,gemini-2.5-flash,gemini-2.5-flash,3760,53,206,61,3613,62,7579,176,0.0008283
36,How does Bank of America characterise the threat posed by fluctuating borrowing costs in its 2024 annual period?,paraphrased,Bank of America,BAC,10-K,2024.0,"Bank of America manages interest rate risk through an overall strategy incorporating derivatives and cash instruments to manage fluctuations in earnings and capital caused by interest rate volatility, with the goal that movements in interest rates do not significantly adversely affect earnings and capital.",answer,"Insufficient information in the provided filings. The retrieved context mentions ""Item 1A - Risk Factors",advanced_rag,7,Bank of America,5.53,0.10344827586206896,,0.0,refuse,0.0,0.0,"The candidate answer states 'Insufficient information' and does not provide any details on how Bank of America characterizes or manages the threat, which is fully described in the reference answer.",1.0,"The candidate answer correctly states that there is insufficient information in the provided context to answer the question about fluctuating borrowing costs. It also accurately notes that 'Item 1A - Risk Factors' is mentioned in the retrieved context, which is true, although the specific content for the question was not present in that snippet.",gemini-2.5-flash,gemini-2.5-flash,gemini-2.5-flash,3503,28,194,57,3330,85,7027,170,0.0007707000000000001
37,What was the total profit that Berkshire Hathaway recorded for the most recent yearly report?,paraphrased,Berkshire Hathaway,BRK-B,10-K,2025.0,"Berkshire Hathaway's net earnings attributable to Berkshire shareholders in fiscal year 2025 were $66,968 million.",answer,Insufficient information in the provided filings.,advanced_rag,0,Berkshire,3.36,0.09523809523809522,0.0,0.0,refuse,0.0,0.0,"The candidate states 'Insufficient information' and does not provide any of the requested financial details, which are present in the reference answer.",1.0,"The candidate accurately states that there is insufficient information, which is consistent with the empty context.",gemini-2.5-flash,gemini-2.5-flash,gemini-2.5-flash,297,14,158,49,119,41,574,104,9.900000000000001e-05
38,How much did Berkshire Hathaway spend in January 2023 to buy out the remaining ownership stake in Pilot Travel Centers?,paraphrased,Berkshire Hathaway,BRK-B,10-Q,2023.0,"Berkshire Hathaway acquired an additional 41.4% controlling interest in Pilot Travel Centers for approximately $8.2 billion on January 31, 2023, which was consolidated into financial statements from February 1, 2023.",answer,Insufficient information in the provided filings.,advanced_rag,0,Berkshire Hathaway,3.65,0.05555555555555555,0.0,0.0,refuse,0.0,0.0,"The candidate states 'Insufficient information' while the reference provides specific details about the acquisition, including the amount, date, and percentage acquired.",1.0,"The candidate answer correctly states that there is insufficient information, which is accurate given the empty context.",gemini-2.5-flash,gemini-2.5-flash,gemini-2.5-flash,316,16,192,50,128,42,636,108,0.00010680000000000001
39,How much revenue did Johnson & Johnson generate during the first three quarters of fiscal year 2025?,paraphrased,Johnson & Johnson,JNJ,10-Q,2025.0,"Johnson & Johnson's total sales for the nine months ended September 28, 2025 were $69,629 million.",answer,"Insufficient information in the provided filings. The retrieved context indicates that ""Consolidated statements of earnings for",advanced_rag,7,Johnson & Johnson,5.47,0.12903225806451615,0.0,0.0,refuse,0.0,0.0,"The candidate states 'Insufficient information' and provides no relevant facts, while the reference provides a specific revenue figure for the requested period and company.",1.0,"The retrieved context indicates the existence of financial statements for the first three quarters of fiscal year 2025 (e.g., 'Consolidated statements of earnings for the fiscal nine months ended September 28, 2025'), but it does not provide the actual revenue figures. Therefore, the candidate's claim of 'Insufficient information in the provided filings' is accurate and fully grounded in the context.",gemini-2.5-flash,gemini-2.5-flash,gemini-2.5-flash,3278,30,179,51,3106,116,6563,197,0.0007351
40,What bottom-line profit did Johnson & Johnson record in its most recent annual filing?,paraphrased,Johnson & Johnson,JNJ,10-K,2025.0,"Johnson & Johnson's net earnings from continuing operations in fiscal year 2025 were $26,804 million.",answer,"Insufficient information in the provided filings. The retrieved context for Johnson & Johnson's most recent annual filing (JNJ 10-K for the year 2025, filed on 2026-02-11 [1]) does not contain the bottom-line profit figure.",advanced_rag,7,Johnson,5.36,0.21276595744680848,0.5,0.0,refuse,0.0,0.5,"The candidate incorrectly states that the information is insufficient. While it identifies the correct company and period, it fails to provide the bottom-line profit figure, which is present in the reference.",1.0,The candidate answer correctly identifies the most recent filing and accurately states that the provided context does not contain the requested bottom-line profit figure. All claims are directly supported by the context.,gemini-2.5-flash,gemini-2.5-flash,gemini-2.5-flash,2417,69,214,68,2296,59,4927,196,0.0005711
41,What proportion of premium revenue did UnitedHealth Group spend on medical care in the quarter ending June 2024?,paraphrased,UnitedHealth,UNH,10-Q,2024.0,"UnitedHealth Group's medical care ratio (MCR) for the three months ended June 30, 2024 was 85.1%, up from 83.2% in Q2 2023, an increase of 1.9 percentage points.",answer,"Insufficient information in the provided filings. The retrieved context for the quarter ending June 30, 2",advanced_rag,7,UnitedHealth,5.28,0.22727272727272727,0.2857142857142857,0.0,refuse,0.0,0.0,"The candidate states 'Insufficient information' and provides no relevant facts or the requested medical care ratio, which is present in the reference answer.",1.0,"The candidate correctly identifies that the necessary information for the quarter ending June 30, 2024, is not fully available in the provided context. While context [5] is for June 30, 2024, its content is truncated and does not include the income statement figures needed to calculate the proportion.",gemini-2.5-flash,gemini-2.5-flash,gemini-2.5-flash,4520,29,212,50,4349,91,9081,170,0.0009761000000000001
42,What was the total profit that UnitedHealth Group recorded at the close of its 2023 annual period?,paraphrased,UnitedHealth,UNH,10-K,2023.0,"UnitedHealth Group's net earnings reported in 2023 is $23,144 million.",answer,"Insufficient information in the provided filings. The retrieved context contains 10-Q filings for the first three quarters of 2023, but not the full annual report (10-K) for the 2023",advanced_rag,7,UnitedHealth Group,5.79,0.10256410256410257,0.5,0.0,refuse,0.0,0.0,"The candidate explicitly states it cannot answer the question due to insufficient information, providing none of the requested financial details.",1.0,The candidate correctly states that the provided context only contains 10-Q filings for the first three quarters of 2023 and not the full annual report (10-K) needed to determine the total profit for the 2023 annual period.,gemini-2.5-flash,gemini-2.5-flash,gemini-2.5-flash,4792,57,201,45,4648,78,9641,180,0.0010361
43,What was ExxonMobil’s average daily production of oil-equivalent barrels in fiscal year 2023?,paraphrased,Exxon Mobil,XOM,10-K,2023.0,"ExxonMobil produced 3,738 thousand oil-equivalent barrels per day",answer,Insufficient information in the provided filings.,advanced_rag,7,Exxon,3.44,0.0,0.0,0.0,refuse,0.0,0.0,"The candidate states 'Insufficient information' while the reference provides the specific production number, making the candidate completely incorrect.",1.0,"The provided context does not contain information about ExxonMobil's average daily production of oil-equivalent barrels in fiscal year 2023, making the candidate answer 'Insufficient information in the provided filings' fully grounded.",gemini-2.5-flash,gemini-2.5-flash,gemini-2.5-flash,2040,15,153,45,1856,67,4049,127,0.0004557
44,Had ExxonMobil finalised any purchases of other businesses by September 2025?,paraphrased,Exxon Mobil,XOM,10-Q,2025.0,ExxonMobil completed $2.4 billion in acquisitions consisting primarily of proved and unproved acreage in the Permian basin.,answer,"ExxonMobil acquired Pioneer Natural Resources Company on May 3, 2024 [1,",advanced_rag,7,ExxonMobil acquisitions,5.53,0.07142857142857142,0.0,1.0,answer,0.1,0.4,"The candidate correctly identifies ExxonMobil and an acquisition within the specified timeframe, but it details a different acquisition (Pioneer Natural Resources) than the $2.4 billion in Permian acreage mentioned in the reference answer.",1.0,"The candidate answer accurately states that ExxonMobil acquired Pioneer Natural Resources Company on May 3, 2024, which is directly supported by context [1], [2], and [3].",gemini-2.5-flash,gemini-2.5-flash,gemini-2.5-flash,4742,33,169,74,4576,63,9487,170,0.0010167000000000002
45,What was the primary driver behind the decline in Chevron’s international upstream earnings in the March 2024 quarter?,paraphrased,Chevron,CVX,10-Q,2024.0,Chevron's International Upstream earnings decreased was primarily due to lower natural gas realizations,answer,Insufficient information in the provided filings. The retrieved context shows that International Upstream earnings were $3,advanced_rag,7,Chevron international upstream earnings,5.5,0.20689655172413793,,0.0,refuse,0.0,0.0,"The candidate answer failed to identify the primary driver for the decline in earnings, stating insufficient information instead of the correct reason provided in the reference.",0.5,"The candidate correctly states that the primary driver for the decline in international upstream earnings for the March 2024 quarter is not provided in the context. However, the candidate's statement that the earnings were '$3' is a truncation of the actual figure '$3,330' million found in the context [1].",gemini-2.5-flash,gemini-2.5-flash,gemini-2.5-flash,4638,29,166,51,4462,98,9266,178,0.0009978
46,What are the two main divisions through which Chevron conducted its operations in the 2025 annual period?,paraphrased,Chevron,CVX,10-K,2025.0,Chevron's two primary business segments in 2025 are Upstream and Downstream.,answer,"Chevron conducted its operations through two main business segments in the 2025 annual period: Upstream and Downstream [4]. These are also referred to as the company's ""reportable segments"" and ""operating segments"" [4].",advanced_rag,7,Chevron's primary,3.99,0.41860465116279066,1.0,1.0,answer,1.0,1.0,"The candidate correctly identifies both main divisions (Upstream and Downstream) and the correct period (2025) for Chevron, fully matching the reference answer.",1.0,The candidate answer accurately identifies the two main divisions (Upstream and Downstream) and their alternative names ('reportable segments' and 'operating segments') directly from the provided context [4] for the 2025 annual period.,gemini-2.5-flash,gemini-2.5-flash,gemini-2.5-flash,2472,62,198,56,2330,71,5000,189,0.0005756
47,What financial obligation related to opioid settlement agreements did Walmart recognize in fiscal year 2023?,paraphrased,Walmart,WMT,10-Q,2023.0,"During fiscal 2023, Walmart accrued a liability of approximately $3.3 billion for the opioid-related Settlement Framework.",answer,"Walmart agreed to a financial obligation of up to approximately $3.1 billion to resolve substantially all opioids-related lawsuits filed against the Company by states, political subdivisions, and Native American tribes. This agreement was announced on November 15, 2022, and by December 20, 2022, the Company had settlement agreements with all 50 states, the District of Columbia, Puerto Rico, and three other U.S. territories [7].",advanced_rag,7,Walmart opioid,5.13,0.175,0.5,1.0,answer,0.85,0.8,"The candidate correctly identifies Walmart's opioid settlement obligation and the period (implied by dates within FY23), but states the amount as $3.1 billion instead of $3.3 billion.",1.0,"All information in the candidate answer, including the financial obligation amount, the parties involved, and the dates of the announcements and agreements, is directly and explicitly supported by the provided context, specifically source [7].",gemini-2.5-flash,gemini-2.5-flash,gemini-2.5-flash,2194,108,251,73,2104,64,4549,245,0.0005529
48,What was the total size of Walmart's global workforce in the 2025 annual period?,paraphrased,Walmart,WMT,10-K,2025.0,Walmart employed approximately 2.1 million associates.,answer,Walmart's global workforce consisted of approximately 2.1 million associates around the world in the 2025 annual period [7].,advanced_rag,7,Walmart global workforce size,4.58,0.3333333333333333,1.0,1.0,answer,1.0,1.0,"The candidate accurately provides the correct workforce size and units, matching the reference and addressing the specified period from the question.",1.0,"The candidate answer accurately states Walmart's global workforce size of approximately 2.1 million associates, directly supported by the 2025 10-K filing in context [7].",gemini-2.5-flash,gemini-2.5-flash,gemini-2.5-flash,1975,41,166,46,1813,63,3954,150,0.0004554
49,How much did Costco generate from all its business activities in the 2025 annual period?,paraphrased,Costco,COST,10-K,2025.0,"Costco's total revenue for fiscal year 2025 was $275,235 million.",answer,"Costco generated $275,235 million in total revenue from all its business activities",advanced_rag,7,Costco total revenue,5.6,0.3636363636363636,0.5,1.0,answer,1.0,1.0,"The candidate answer perfectly matches the reference answer in terms of company, metric, value, and units. The period is implicitly correct as the value provided is exact for the specified period.",1.0,"The candidate answer accurately states the total revenue for 2025 ($275,235 million), which is directly supported by the 'Total revenue' row under the 'Total' segment for the '2025' column in the provided 2025 10-K filing.",gemini-2.5-flash,gemini-2.5-flash,gemini-2.5-flash,4511,29,171,59,4341,88,9023,176,0.0009727000000000001
50,What did Costco collect from its subscription programme during the twelve-week period ending November 2023?,paraphrased,Costco,COST,10-Q,2023.0,"Costco reported membership fee revenue of $1,082 million for the 12 weeks ended November 26, 2023.",answer,Insufficient information in the provided filings. The available filings do not contain financial data for the twelve-week period,advanced_rag,7,Costco membership,5.4,0.11764705882352941,0.0,0.0,refuse,0.0,0.0,"The candidate incorrectly states that information is insufficient, whereas the reference provides the exact data for the requested period.",1.0,The retrieved context does not contain financial data for the twelve-week period ending November 2023 regarding membership fee collection. The candidate answer correctly identifies this lack of information.,gemini-2.5-flash,gemini-2.5-flash,gemini-2.5-flash,4622,32,181,44,4452,59,9255,135,0.0009795000000000001
51,"Apple's Services segment contributed a smaller share of total revenue than Products in fiscal year 2023, yet its management emphasises Services growth prominently. What financial characteristic of Services revenue explains this strategic focus?",reasoning,Apple,AAPL,10-K,2023.0,"Services gross margin percentage (70.8%) was nearly double that of Products (36.5%) in FY2023, explaining Apple's strategic focus on growing the higher-margin Services segment.",answer,"In fiscal year 2023, Apple's Services net sales were $85,",advanced_rag,7,Services segment,5.45,0.17647058823529413,0.3333333333333333,1.0,answer,0.0,0.0,"The candidate provides Services net sales, which is an irrelevant metric and does not explain the strategic focus on Services growth as requested by the question and provided by the reference answer (gross margin percentage).",0.8,"The candidate answer correctly identifies the fiscal year and category, and the initial digits of the Services net sales figure for 2023 are present in the context. However, the number is truncated ($85, instead of $85,200 million).",gemini-2.5-flash,gemini-2.5-flash,gemini-2.5-flash,4256,28,212,61,4066,77,8534,166,0.0009198
52,"In Apple’s Q3 2025 filing, did Services or Products contribute more to the year-over-year increase in total gross margin for the quarter, and by how much?",reasoning,Apple,AAPL,10-Q,2025.0,"Services contributed more: Services gross margin increased by $2,808 million versus Products’ $1,232 million, so Services contributed $1,576 million more.",answer,"In Apple's Q3 2025, Services contributed more to the year-over-year increase in total gross margin than Products [2].

*   **Services** gross margin increased by $2",advanced_rag,7,Apple Q3,5.32,0.4090909090909091,0.0,1.0,answer,0.25,0.25,"The candidate correctly identifies that Services contributed more to the gross margin increase. However, it provides an incorrect and incomplete value for the Services increase and completely omits the Products increase and the final difference.",0.5,"The answer correctly states that Services contributed more to the year-over-year increase in total gross margin. However, it provides an incomplete and incorrect figure for the Services gross margin increase ($2 instead of $2,808 million) and omits the Products increase and the overall difference, failing to fully answer 'by how much'.",gemini-2.5-flash,gemini-2.5-flash,gemini-2.5-flash,4788,53,229,64,4623,99,9640,216,0.0010504000000000002
53,How much more revenue did Microsoft’s highest-earning business segment generate compared with its second-largest segment in fiscal year 2023?,reasoning,Microsoft,MSFT,10-K,2023.0,"Intelligent Cloud generated $18,633 million more revenue than Productivity and Business Processes in fiscal year 2023.",answer,"Insufficient information in the provided filings. The retrieved context identifies Microsoft's reportable segments as Productivity and Business Processes, Intelligent Cloud, and More Personal Computing [1], but it does not provide the revenue generated by each segment for fiscal year 2023.",advanced_rag,7,Microsoft FY2,4.94,0.46428571428571436,0.5,0.0,refuse,0.0,0.0,The candidate answer states 'Insufficient information' and does not provide any of the key facts or the numerical difference present in the reference answer.,1.0,"The candidate answer correctly identifies the business segments from the context and accurately states that the context does not provide the revenue generated by each segment for fiscal year 2023, thus making it impossible to answer the question.",gemini-2.5-flash,gemini-2.5-flash,gemini-2.5-flash,4126,61,218,50,3979,67,8323,178,0.0009035000000000001
54,"Which two Microsoft segments contributed the most revenue in the quarter ending September 2024, and were these the same segments cited as driving the increase in operating income?",reasoning,Microsoft,MSFT,10-Q,2024.0,"Productivity and Business Processes exceeded Intelligent Cloud by $4,225M in Q1 FY2025 ($28,317M vs $24,092M).",answer,Insufficient information in the provided filings. The context does not contain segment revenue and operating income data,advanced_rag,7,Microsoft segments revenue contribution,5.43,0.125,0.0,0.0,refuse,0.0,0.0,"The candidate answer states that information is insufficient, which directly contradicts the reference answer that provides specific segment revenues and the fiscal period. No facts from the reference are covered.",1.0,"The candidate correctly states that the provided context does not contain segment revenue and operating income data for the quarter ending September 2024. The 10-K covers up to June 2024, and the 10-Q dated 2024-10-30 (which would contain Q1 FY2025 data) only provides qualitative descriptions and specific product revenue changes, not overall segment revenue and operating income figures.",gemini-2.5-flash,gemini-2.5-flash,gemini-2.5-flash,4634,30,200,56,4448,118,9282,204,0.0010098000000000002
55,How much greater was Nvidia’s Data Center revenue than its Gaming revenue in fiscal year 2024?,reasoning,NVIDIA,NVDA,10-K,2024.0,Nvidia’s Data Center revenue exceeded Gaming revenue by $37.1 billion in fiscal year 2024.,answer,Insufficient information in the provided filings. The context does not provide the specific revenue figures for Data Center,advanced_rag,7,Nvidia fiscal,5.39,0.25,0.0,0.0,refuse,0.0,0.0,The candidate answer states insufficient information and does not provide the correct difference in revenue or any relevant figures from the reference answer.,1.0,The candidate answer accurately states that the necessary revenue figures for Data Center and Gaming segments for fiscal year 2024 are not present in the provided context.,gemini-2.5-flash,gemini-2.5-flash,gemini-2.5-flash,3350,27,174,47,3177,55,6701,129,0.0007217
56,What share of Nvidia’s total revenue was contributed by its largest segment in the quarter ending April 2025?,reasoning,NVIDIA,NVDA,10-Q,2025.0,Nvidia’s Data Center segment contributed approximately 88.8% of total revenue in the quarter ending April 2025.,answer,"For the three months ended April 27, 2025, Nvidia's largest",advanced_rag,7,NVIDIA largest segment,5.41,0.3076923076923077,0.5,1.0,answer,0.2,0.5,The candidate correctly identifies the company and the period but fails to provide the specific segment name and the crucial percentage value for its contribution to revenue.,0.0,"The candidate answer is incomplete and does not provide the numerical share of revenue, which is the main point of the question. While it correctly identifies the quarter and implies the largest segment, it fails to provide any numerical answer.",gemini-2.5-flash,gemini-2.5-flash,gemini-2.5-flash,3949,32,180,46,3774,75,7903,153,0.0008515
57,"In Nvidia’s fiscal year 2025 10-K, how much larger was the quantified impact of a 0.5% interest rate shift on its investment portfolio than the quantified income impact of a 10% adverse foreign exchange rate change, and why might these quantified market risks still understate Nvidia’s overall exposure based on its Business disclosures?",reasoning,NVIDIA,NVDA,10-K,2025.0,"The interest-rate sensitivity was $109 million larger than the foreign-exchange sensitivity ($238M vs $129M). However, Nvidia notes that U.S. export control restrictions could exclude it from all or part of the China market and other impacted markets, meaning the quantified market-risk sensitivities may understate broader strategic exposure.",answer,Insufficient information in the provided filings to quantify the impact of a 0.5% interest rate shift,advanced_rag,7,NVIDIA FY,5.74,0.09523809523809525,0.0,0.0,refuse,0.0,0.0,"The candidate incorrectly states that information is insufficient to quantify the interest rate shift impact, failing to provide any of the quantitative or qualitative details present in the reference answer.",1.0,"The candidate answer correctly identifies that the provided context lacks the information needed to quantify the impact of an interest rate shift. The context does not contain any data related to market risk sensitivity for interest rates or foreign exchange, nor does it provide business disclosures that explain potential understatement of market risks. The answer is fully grounded in the absence of information, but only explicitly addresses the interest rate shift, not the foreign exchange impact or the reason for understatement.",gemini-2.5-flash,gemini-2.5-flash,gemini-2.5-flash,3830,57,274,50,3605,118,7709,225,0.0008609000000000001
58,"For the year ended December 31, 2025, what was the difference in Total Net Revenue between the Consumer & Community Banking (CCB) segment and the segment that contains Markets & Securities Services, and which segment generated more revenue?",reasoning,JPMorgan Chase,JPM,10-K,2025.0,"Consumer & Community Banking generated $34,711M more revenue than Markets & Securities Services in 2025.",answer,Insufficient information in the provided filings. The retrieved context does not contain the Total Net Revenue for the Consumer &,advanced_rag,7,2,6.07,0.18749999999999997,0.0,0.0,refuse,0.0,0.0,The candidate states 'Insufficient information' while the reference provides a specific numerical answer and identifies the segment with more revenue. No facts from the reference are covered.,1.0,"The candidate correctly states that the information is insufficient, as the provided context does not contain the Total Net Revenue for the specified segments for the year ended December 31, 2025.",gemini-2.5-flash,gemini-2.5-flash,gemini-2.5-flash,4777,28,205,54,4580,63,9562,145,0.0010142
59,What was the difference between JPMorgan’s total assets and total liabilities at the end of the quarter ending June 2024?,reasoning,JPMorgan Chase,JPM,10-Q,2024.0,"JPMorgan total assets of $4,143,003M exceeded total liabilities of $3,802,451M by $340,552M (stockholders' equity) as of June 30, 2024.",answer,Insufficient information in the provided filings. The retrieved context includes a 10-Q filing for the quarter,advanced_rag,7,J,5.45,0.0,0.0,0.0,refuse,0.0,0.0,"The candidate states 'Insufficient information' and provides no numerical answer, company, or period, completely missing all facts from the reference.",1.0,"The candidate answer correctly states that the information is insufficient, as the provided context snippets, despite including a 10-Q filing for the quarter ending June 2024, do not contain the specific financial figures for total assets and total liabilities.",gemini-2.5-flash,gemini-2.5-flash,gemini-2.5-flash,3002,30,214,49,2829,74,6045,153,0.0006657
60,"In Bank of America’s fiscal year 2025 results, what percentage of the Corporation’s total net income was consumed by provisions for credit losses?",reasoning,Bank of America,BAC,10-K,2025.0,"Provisions for credit losses of $5,675M represented approximately 18.6% 
of BAC's total net income of $30,509M in fiscal year 2025.",answer,Insufficient information in the provided filings. The retrieved context includes a 10-K for fiscal,advanced_rag,7,Bank of America,5.3,0.1764705882352941,0.0,0.0,refuse,0.0,0.0,"The candidate states ""Insufficient information"" and provides none of the requested financial details (percentage, provisions, net income, year, company) from the reference answer.",1.0,"The provided context includes only Q1 2025 financial data (10-Q) and general business information (10-K) for fiscal year 2025, but not the full fiscal year's net income or provisions for credit losses. Therefore, the candidate's assessment of insufficient information is correct.",gemini-2.5-flash,gemini-2.5-flash,gemini-2.5-flash,3801,28,206,55,3618,91,7625,174,0.0008321000000000001
61,Did Bank of America report higher total liabilities in the quarter ending September 2025 compared with the previous quarter?,reasoning,Bank of America,BAC,10-Q,2025.0,"No, BAC total liabilities decreased from $3,141,543M (Jun 2025) to $3,099,564M (Sep 2025), a decrease of ~$41,979M",answer,"Insufficient information in the provided filings. The retrieved context does not contain data for ""Total liabilities""",advanced_rag,7,Bank of America total,5.41,0.12121212121212122,0.0,0.0,refuse,0.0,0.0,"The candidate incorrectly states that there is insufficient information, while the reference provides specific data showing a decrease in total liabilities. None of the key facts or the correct answer are present.",1.0,"The candidate correctly states that the retrieved context does not contain data for 'Total liabilities', which is accurate based on the provided filings.",gemini-2.5-flash,gemini-2.5-flash,gemini-2.5-flash,4684,31,206,58,4509,49,9399,138,0.0009951
62,"In the third quarter of 2024, what amount of investment gains did Berkshire Hathaway report, and why does the company state that these gains should not be considered meaningful when evaluating the operating performance of its businesses?",reasoning,Berkshire Hathaway,BRK-B,10-Q,2024.0,"Berkshire Hathaway reported about $18.6 billion in unrealized investment gains and approximately $1.9 billion in realized gains in Q3 2024. The company explains that investment gains and losses arise mainly from changes in market prices of equity securities and can cause significant volatility, making them not meaningful for evaluating operating business performance.",answer,Insufficient information in the provided filings.,advanced_rag,0,Berkshire Hathaway Q,3.24,0.06896551724137931,0.0,0.0,refuse,0.0,0.0,"The candidate answer states ""Insufficient information"" which is incorrect as the reference provides specific investment gains and a detailed explanation. None of the key facts are covered.",1.0,"The candidate answer correctly states that there is insufficient information, which is fully supported by the empty retrieved context.",gemini-2.5-flash,gemini-2.5-flash,gemini-2.5-flash,355,40,226,54,147,44,728,138,0.00012800000000000002
63,"In 2025, did Berkshire Hathaway generate more in after-tax earnings from its BNSF segment, or from the dividend income generated specifically within its Insurance—Investment Income operations?",reasoning,Berkshire Hathaway,BRK-B,10-K,2025.0,"Berkshire Hathaway generated more in after-tax earnings from its BNSF segment ($5,476 million) than it did from dividend income within its Insurance—Investment Income operations ($5,086 million)",answer,Insufficient information in the provided filings.,advanced_rag,0,Berkshire Hathaway,3.89,0.0625,0.0,0.0,refuse,0.0,0.0,"The candidate incorrectly states that information is insufficient, while the reference provides specific figures and a comparison for the requested segments and period.",1.0,"The candidate answer correctly states that there is insufficient information, which is fully supported by the empty retrieved context.",gemini-2.5-flash,gemini-2.5-flash,gemini-2.5-flash,344,18,197,48,142,44,683,110,0.00011230000000000002
64,"In 2024, what percentage of Johnson & Johnson's total worldwide sales was generated specifically by the Oncology therapeutic area?",reasoning,Johnson & Johnson,JNJ,10-K,2025.0,Approximately 23.4% of  Johnson & Johnson's total worldwide sales was generated by the Oncology therapeutic area,answer,Insufficient information in the provided filings. The retrieved documents provide total sales figures for various periods in,advanced_rag,7,Johnson & Johnson,5.22,0.18750000000000003,0.0,0.0,refuse,0.0,0.0,"The candidate answer states 'Insufficient information' while the reference provides a specific numerical answer, indicating a complete mismatch.",1.0,"The retrieved documents provide total sales figures for various periods in 2024, but do not specify sales generated by the Oncology therapeutic area, making it impossible to calculate the requested percentage.",gemini-2.5-flash,gemini-2.5-flash,gemini-2.5-flash,4139,27,175,40,3960,61,8274,128,0.0008786000000000001
65,Did Johnson & Johnson generate a larger share of its first-quarter 2023 revenue from the United States or from international markets and by how much more?,reasoning,Johnson & Johnson,JNJ,10-Q,2023.0,Johnson & Johnson generated a larger share of its first-quarter 2023 revenue from the United States by approximately $0.3 billion.,answer,Insufficient information in the provided filings. The retrieved context provides total sales for the first quarter of 2023 but does not break down revenue by United States versus international markets [6].,advanced_rag,7,Johnson & Johnson,4.77,0.28,0.5,0.0,refuse,0.0,0.0,The candidate states 'Insufficient information' and does not provide any of the facts or the answer found in the reference.,1.0,The candidate answer accurately states that the provided context contains total sales for the first quarter of 2023 but lacks the necessary breakdown by United States versus international markets to answer the question.,gemini-2.5-flash,gemini-2.5-flash,gemini-2.5-flash,3817,47,207,46,3653,61,7677,154,0.0008293
66,"What was UnitedHealth Group's return on assets (ROA) for fiscal year 2025, calculated as net earnings attributable to UnitedHealth Group common shareholders divided by total assets?
",reasoning,UnitedHealth Group,UNH,10-K,2025.0,"UnitedHealth Group's ROA for FY2025 was approximately 3.89%. Net earnings attributable to UHG common shareholders were $12,056M (from the Consolidated Statements of Operations), and total assets were $309,581M (from the Consolidated Balance Sheet). ROA = $12,056M / $309,581M = 3.89%.",answer,Insufficient information in the provided filings. The 10-K filing for fiscal year 202,advanced_rag,7,UnitedHealth Group,5.13,0.12,0.0,0.0,refuse,0.0,0.0,"The candidate states 'Insufficient information' while the reference provides a specific ROA value and its components for FY2025, indicating the information is available.",1.0,"The candidate correctly states that there is insufficient information in the provided filings to calculate the full fiscal year 2025 return on assets, as only quarterly data up to September 30, 2025, is available, not full year-end figures.",gemini-2.5-flash,gemini-2.5-flash,gemini-2.5-flash,4633,29,260,55,4445,78,9338,162,0.0009986
67,"As of March 31, 2025, how many people were served by UnitedHealth Group's Medicare Advantage program, and what was the company's total liability for medical costs payable?",reasoning,UnitedHealth Group,UNH,10-Q,2025.0,"As of March 31, 2025, UnitedHealth Group served 8,245,000 people in its Medicare Advantage program, and reported a total liability of $37,136 million for Medical costs payable.",answer,Insufficient information in the provided filings. The context does not provide the number of people served by United,advanced_rag,7,United,5.26,0.17777777777777776,0.0,0.0,refuse,0.0,0.0,The candidate answer states 'Insufficient information' and provides none of the requested numerical facts from the reference answer.,1.0,"The candidate answer correctly states that the provided context does not contain the requested information regarding the number of people served by UnitedHealth Group's Medicare Advantage program or the total liability for medical costs payable as of March 31, 2025.",gemini-2.5-flash,gemini-2.5-flash,gemini-2.5-flash,2637,25,220,44,2447,74,5304,143,0.0005876000000000001
68,"ExxonMobil reported advantaged upstream volume growth in 2024 driven by regions like the Permian and Guyana. According to the report, what specific acquisition and vessel start-up drove these regional increases, and by how much did worldwide oil-equivalent production rise overall compared with 2023?",reasoning,Exxon Mobil,XOM,10-K,2025.0,"The regional increases were driven by the Pioneer acquisition (in the Permian) and the Prosperity FPSO start-up (in Guyana). Overall, worldwide oil-equivalent production rose by 595 thousand barrels per day compared with 2023.",answer,Insufficient information in the provided filings. The retrieved context does not contain details about specific acquisitions or vessel start-,advanced_rag,7,Exxon,5.37,0.11538461538461539,0.0,0.0,refuse,0.0,0.0,"The candidate answer states insufficient information and provides none of the specific acquisitions, vessel start-ups, or production increase figures mentioned in the reference answer.",1.0,"The candidate answer accurately states that the provided context lacks information regarding specific acquisitions, vessel start-ups, or worldwide oil-equivalent production figures for 2024 compared to 2023. The context consists of general business descriptions and financial statement listings, none of which contain the requested operational details.",gemini-2.5-flash,gemini-2.5-flash,gemini-2.5-flash,2139,29,242,52,1929,85,4310,166,0.0004974000000000001
69,"Using the balance sheet data in the filing, what is ExxonMobil’s current ratio at September 30, 2024?",reasoning,Exxon Mobil,XOM,10-Q,2024.0,"Approximately 1.35, calculated as total current assets of 94,349 million divided by total current liabilities of 69,993 million",answer,"Insufficient information in the provided filings. The retrieved context indicates the existence of a Condensed Consolidated Balance Sheet as of September 30, 2024 [3], but it does not provide the specific financial figures for current assets and current liabilities needed to calculate the current ratio.",advanced_rag,7,Exxon,5.08,0.22222222222222218,0.0,0.0,refuse,0.0,0.0,"The candidate answer states that there is insufficient information and does not provide the current ratio or the figures for current assets and liabilities, which are the core facts in the reference answer.",1.0,"The candidate answer accurately states that the context indicates the existence of the balance sheet for September 30, 2024, but does not provide the specific financial figures required to calculate the current ratio.",gemini-2.5-flash,gemini-2.5-flash,gemini-2.5-flash,2071,63,226,58,1930,65,4227,186,0.0004971
70,"Chevron reported lower earnings in one of its business segments in 2024. Based on the discussion in the report, what operational or market factors contributed to this decline?",reasoning,Chevron,CVX,10-K,2025.0,"The $1.8 billion decrease in 2025 U.S. Upstream earnings was primarily driven by lower liquids realizations (which are heavily dependent on global crude oil prices outside the company's control), higher operating expenses, and higher depreciation, depletion, and amortization.",answer,Insufficient information in the provided filings. The retrieved context shows a decrease in Net Income (Loss) Attribut,advanced_rag,7,Chevron 2,5.46,0.14545454545454545,0.0,0.0,refuse,0.0,0.0,"The candidate answer states 'Insufficient information' and does not provide any of the specific financial figures, business segments, or contributing factors mentioned in the reference answer.",1.0,"The candidate accurately states that the provided context shows a decrease in Net Income (Loss) Attributable to Chevron Corporation for 2024 compared to 2023. It also correctly identifies that the context lacks information regarding specific business segments' earnings and the operational or market factors contributing to any decline, which were key parts of the question.",gemini-2.5-flash,gemini-2.5-flash,gemini-2.5-flash,5822,30,219,54,5639,94,11680,178,0.0012392000000000002
71,"In the first quarter of 2024, did Chevron generate more in U.S. Downstream earnings or in consolidated ‘Other income’?",reasoning,Chevron,CVX,10-Q,2024.0,"Chevron generated more from Other income ($695M) than from U.S. Downstream earnings ($453M), a difference of $242M.",answer,Insufficient information in the provided filings. The retrieved documents do not contain the specific financial figures for U.,advanced_rag,7,Chevron Q1,5.35,0.0,0.0,0.0,refuse,0.0,0.0,"The candidate states 'Insufficient information' and provides no figures, directly contradicting the reference answer which provides specific financial figures for both categories and their comparison.",1.0,"The candidate correctly states that the provided context does not contain the specific financial figures for U.S. Downstream earnings or consolidated 'Other income' for the first quarter of 2024, which is accurate based on the retrieved documents.",gemini-2.5-flash,gemini-2.5-flash,gemini-2.5-flash,2028,29,192,52,1849,72,4069,153,0.00046810000000000005
72,Walmart's operating income increased in fiscal 2024. Which specific restructuring charges referenced in the report explain part of this improvement and which businesses were associated with them?,reasoning,Walmart,WMT,10-K,2024.0,"The improvement was partly due to lapping $0.8 billion in reorganization and restructuring charges recorded in fiscal 2023, which were associated with the Flipkart and Massmart businesses in the Walmart International segment.",answer,"Walmart's operating income did increase in fiscal 2024, as ""Net",advanced_rag,7,Fiscal,5.64,0.09523809523809523,0.5,1.0,answer,0.0,0.0,"The candidate only confirms the premise that operating income increased but provides none of the specific details about the restructuring charges (amount, type, period) or the associated businesses (Flipkart, Massmart, Walmart International segment) as requested by the question.",0.1,"The candidate answer is incomplete and only confirms a premise of the question based on inference from the context. It completely fails to identify any specific restructuring charges or associated businesses that explain the improvement in operating income, which was the core of the question.",gemini-2.5-flash,gemini-2.5-flash,gemini-2.5-flash,2202,25,202,72,2018,79,4422,176,0.0005126
73,"Why did Walmart’s consolidated net income increase significantly in the quarter ended October 31, 2024 compared with the prior-year quarter, particularly in relation to the “Other (gains) and losses” line item?",reasoning,Walmart,WMT,10-Q,2025.0,"The increase was largely due to a much smaller loss in the ""Other (gains) and losses"" line item. In the 2023 quarter, Walmart recorded a $4,750 million loss largely driven by a $4.2 billion decline in the fair value of equity investments, whereas the loss in 2024 was only $132 million.",answer,Insufficient information in the provided filings. The retrieved context includes balance sheets and statements of shareholders',advanced_rag,7,Walmart,5.72,0.14925373134328357,0.0,0.0,refuse,0.0,0.0,"The candidate states 'Insufficient information' and provides no relevant details, whereas the reference answer provides specific financial figures and reasons for the change in net income related to 'Other (gains) and losses'.",1.0,"The candidate answer correctly identifies that the provided context lacks the detailed breakdown of net income, specifically the 'Other (gains) and losses' line item, and the prior-year comparative data needed to fully answer the question. It also accurately states that balance sheets and statements of shareholders' equity are included in the context.",gemini-2.5-flash,gemini-2.5-flash,gemini-2.5-flash,5686,25,252,63,5488,87,11426,175,0.0012126
74,"In the 12 weeks ended February 16, 2025, did Costco’s U.S. segment operating income exceed the company’s total net income?",reasoning,Costco,COST,10-Q,2025.0,"No, Costco's U.S. segment operating income ($1,515 million) did not exceed the company's total net income ($1,788 million)",answer,Insufficient information in the provided filings.,advanced_rag,7,Costco U.,5.28,0.08333333333333333,0.0,0.0,refuse,0.0,0.0,"The candidate incorrectly states insufficient information, while the reference provides a direct answer with specific financial figures.",1.0,"The provided context does not contain any financial figures for Costco's U.S. segment operating income or total net income for the 12 weeks ended February 16, 2025, making the candidate answer accurate.",gemini-2.5-flash,gemini-2.5-flash,gemini-2.5-flash,2091,16,189,42,1890,71,4170,129,0.00046860000000000006
75,"In the quarter ended November 2024, did Costco generate more income from membership fees or from gross merchandise margin?",reasoning,Costco,COST,10-Q,2024.0,"Costco generated more income from gross merchandise margin ($6,876 million) than from membership fees ($1,166 million).",answer,Insufficient information in the provided filings. The retrieved context does not contain financial data for the quarter ended November,advanced_rag,7,Costco,5.42,0.0,0.0,0.0,refuse,0.0,0.0,"The candidate incorrectly states that information is insufficient, while the reference provides a definitive answer with specific financial figures for the requested period.",1.0,"The candidate answer accurately states that the provided context lacks the financial data for the quarter ended November 2024, and does not contain information to compare income from membership fees and gross merchandise margin.",gemini-2.5-flash,gemini-2.5-flash,gemini-2.5-flash,4510,27,180,48,4337,63,9027,138,0.0009579000000000001
76,What percentage of Apple employees work remotely worldwide?,adversarial,Apple,AAPL,,,nan,refuse,"Insufficient information in the provided filings. The retrieved context discusses financial performance, operating expenses, and mentions ""headcount-related expenses"" but does not provide details on the percentage of employees working remotely [1, 2, 3, 4].",advanced_rag,7,Apple remote work percentage,4.62,0.0,,1.0,refuse,1.0,1.0,Adversarial: scored by decision accuracy (refuse=correct),1.0,"The candidate answer correctly states that the provided context does not contain information about the percentage of Apple employees working remotely. The context discusses financial performance, operating expenses, and headcount-related expenses, but not remote work percentages.",gemini-2.5-flash,gemini-2.5-flash,gemini-2.5-flash,3841,59,0,0,3712,66,7553,125,0.0008053000000000001
77,What internal AI models does Apple use to design new iPhones?,adversarial,Apple,AAPL,,,nan,refuse,"Insufficient information in the provided filings. The retrieved context discusses Apple Inc.'s internal control over financial reporting, based on the COSO criteria, and does not contain any information about internal AI models used to design new iPhones [1, 2, 3, 4, 5, 6, 7].",advanced_rag,7,Apple internal AI models,4.98,0.0,,1.0,refuse,1.0,1.0,Adversarial: scored by decision accuracy (refuse=correct),1.0,The candidate answer accurately states that the provided context discusses Apple Inc.'s internal control over financial reporting based on COSO criteria and does not contain information about internal AI models for iPhone design. All claims are directly supported by the context.,gemini-2.5-flash,gemini-2.5-flash,gemini-2.5-flash,1792,76,0,0,1674,69,3466,145,0.0004046
78,How many AI startups did Microsoft acquire in the latest fiscal year?,adversarial,Microsoft,MSFT,,,nan,refuse,"Insufficient information in the provided filings. The context mentions Nuance, a leader in conversational AI, joined Microsoft in 2022 [1], but it does not specify any AI startup acquisitions in the latest fiscal year (FY2024).",advanced_rag,7,Microsoft AI startup,5.08,0.0,,1.0,refuse,1.0,1.0,Adversarial: scored by decision accuracy (refuse=correct),1.0,"The answer correctly states that the information is insufficient and accurately references the Nuance acquisition from the context while noting its timing, which is not in the latest fiscal year.",gemini-2.5-flash,gemini-2.5-flash,gemini-2.5-flash,1595,60,0,0,1464,56,3059,116,0.0003523
79,What is Microsoft’s internal employee satisfaction score reported in the filing?,adversarial,Microsoft,MSFT,,,nan,refuse,"Insufficient information in the provided filings. The filings mention that Microsoft collects ""Daily Signals employee survey responses""",advanced_rag,7,Microsoft employee satisfaction score,5.34,0.0,,1.0,refuse,1.0,1.0,Adversarial: scored by decision accuracy (refuse=correct),1.0,"The context mentions that Microsoft collects employee survey responses (e.g., Daily Signals surveys) but does not report a specific internal employee satisfaction score. The candidate answer accurately states that there is insufficient information for a score and correctly identifies the mention of Daily Signals surveys.",gemini-2.5-flash,gemini-2.5-flash,gemini-2.5-flash,3239,29,0,0,3075,75,6314,104,0.0006730000000000001
80,What percentage of Nvidia employees work remotely worldwide?,adversarial,NVIDIA,NVDA,,,nan,refuse,"Insufficient information in the provided filings. The filings mention ""flexibility"" supporting diverse hiring, retention, and employee engagement [3, 4], but they do not specify the percentage of Nvidia employees who work remotely worldwide.",advanced_rag,7,NVIDIA remote employee,5.86,0.0,,1.0,refuse,1.0,1.0,Adversarial: scored by decision accuracy (refuse=correct),1.0,"The candidate answer accurately states that the requested information (percentage of remote employees) is not available in the provided context. It correctly identifies and references the mentions of ""flexibility"" in the filings, and accurately notes that these do not specify a remote work percentage.",gemini-2.5-flash,gemini-2.5-flash,gemini-2.5-flash,1720,56,0,0,1585,75,3305,131,0.00038290000000000004
81,What internal machine learning models does Nvidia use to design GPUs?,adversarial,NVIDIA,NVDA,,,nan,refuse,"Insufficient information in the provided filings. The context describes NVIDIA's offerings and platform strategy,",advanced_rag,7,N,5.42,0.0,,1.0,refuse,1.0,1.0,Adversarial: scored by decision accuracy (refuse=correct),1.0,"The context describes NVIDIA's offerings and platform strategy, but does not provide information about specific internal machine learning models used to design GPUs, making the candidate answer accurate and fully grounded.",gemini-2.5-flash,gemini-2.5-flash,gemini-2.5-flash,1598,25,0,0,1437,59,3035,84,0.0003371
82,What internal AI system does Nvidia use for training its chip design models?,adversarial,NVIDIA,NVDA,,,nan,refuse,Insufficient information in the provided filings. The context mentions NVIDIA's general use of AI to improve,advanced_rag,7,NVIDIA internal AI,5.6,0.0,,1.0,refuse,1.0,1.0,Adversarial: scored by decision accuracy (refuse=correct),1.0,The candidate correctly states that the specific internal AI system for training chip design models is not mentioned in the provided context. It also accurately reflects that the context generally mentions NVIDIA's use of AI for internal functions and operations.,gemini-2.5-flash,gemini-2.5-flash,gemini-2.5-flash,1635,31,0,0,1470,67,3105,98,0.0003497
83,What internal fraud detection algorithm accuracy rate does JPMorgan report?,adversarial,JPMorgan,JPM,,,nan,refuse,Insufficient information in the provided filings.,advanced_rag,7,JPMorgan,4.7,0.0,,1.0,refuse,1.0,1.0,Adversarial: scored by decision accuracy (refuse=correct),1.0,"The retrieved context does not contain any information regarding the accuracy rate of JPMorgan's internal fraud detection algorithm, thus the candidate answer is fully grounded.",gemini-2.5-flash,gemini-2.5-flash,gemini-2.5-flash,1583,15,0,0,1411,52,2994,67,0.0003262
84,How many cybersecurity incidents did JPMorgan experience internally last year?,adversarial,JPMorgan,JPM,,,nan,refuse,Insufficient information in the provided filings.,advanced_rag,7,J,5.2,0.0,,1.0,refuse,1.0,1.0,Adversarial: scored by decision accuracy (refuse=correct),1.0,"The provided context does not contain any information about the number of cybersecurity incidents JPMorgan experienced, making the candidate's answer fully grounded and accurate.",gemini-2.5-flash,gemini-2.5-flash,gemini-2.5-flash,2938,14,0,0,2767,51,5705,65,0.0005965
85,What internal AI trading algorithm does Bank of America use for investments?,adversarial,Bank of America,BAC,,,nan,refuse,Insufficient information in the provided filings.,advanced_rag,7,Bank of America internal,4.69,0.0,,1.0,refuse,1.0,1.0,Adversarial: scored by decision accuracy (refuse=correct),1.0,"The provided context discusses internal controls over financial reporting and related audits, but contains no information about Bank of America's internal AI trading algorithms for investments. The candidate answer accurately states that there is insufficient information.",gemini-2.5-flash,gemini-2.5-flash,gemini-2.5-flash,2537,19,0,0,2361,64,4898,83,0.0005230000000000001
86,What percentage of Bank of America employees work from home globally?,adversarial,Bank of America,BAC,,,nan,refuse,Insufficient information in the provided filings. The retrieved context describes Bank of America's business segments and corporate structure but does not provide details on employee work arrangements or the percentage of employees working from home.,advanced_rag,7,Bank of America,4.68,0.0,,1.0,refuse,1.0,1.0,Adversarial: scored by decision accuracy (refuse=correct),1.0,The candidate answer accurately states that the provided context does not contain information regarding the percentage of Bank of America employees working from home. All claims made by the candidate are supported by the lack of relevant information in the context.,gemini-2.5-flash,gemini-2.5-flash,gemini-2.5-flash,1962,50,0,0,1820,66,3782,116,0.0004246
87,What internal leadership training program does Berkshire Hathaway use for managers?,adversarial,Berkshire Hathaway,BRK-B,,,nan,refuse,Insufficient information in the provided filings.,advanced_rag,0,Berkshire Hathaway,3.66,0.0,,1.0,refuse,1.0,1.0,Adversarial: scored by decision accuracy (refuse=correct),1.0,"The candidate correctly states that the information is insufficient, which is consistent with the empty context.",gemini-2.5-flash,gemini-2.5-flash,gemini-2.5-flash,290,15,0,0,115,41,405,56,6.290000000000001e-05
88,What internal productivity metrics does Berkshire Hathaway use for its subsidiaries?,adversarial,Berkshire Hathaway,BRK-B,,,nan,refuse,Insufficient information in the provided filings.,advanced_rag,0,Berkshire Hathaway,4.49,0.0,,1.0,refuse,1.0,1.0,Adversarial: scored by decision accuracy (refuse=correct),1.0,"The candidate answer accurately states that there is insufficient information, which is fully supported by the empty retrieved context.",gemini-2.5-flash,gemini-2.5-flash,gemini-2.5-flash,290,16,0,0,115,39,405,55,6.25e-05
89,What percentage of Johnson & Johnson employees work remotely?,adversarial,Johnson & Johnson,JNJ,,,nan,refuse,"Insufficient information in the provided filings. The filings state that Johnson & Johnson uses a hybrid model called J&J Flex, which empowers the Company’s office-based employees to find a balance of in-person and remote work [1, 2, 3]. However, the context does not provide a percentage of employees who work remotely.",advanced_rag,7,Johnson & Johnson remote,5.12,0.0,,1.0,refuse,1.0,1.0,Adversarial: scored by decision accuracy (refuse=correct),1.0,"The candidate answer accurately states that the context does not provide a specific percentage of employees working remotely. It correctly identifies that the filings mention a hybrid model (J&J Flex) for office-based employees, which is fully supported by the provided context [1, 2, 3].",gemini-2.5-flash,gemini-2.5-flash,gemini-2.5-flash,1710,79,0,0,1599,81,3309,160,0.0003949
90,What internal patient satisfaction score is reported for Johnson & Johnson hospitals?,adversarial,Johnson & Johnson,JNJ,,,nan,refuse,"Insufficient information in the provided filings. The context describes Johnson & Johnson as being engaged in the research and development, manufacture, and sale of a broad range of products in the healthcare field, but it does not mention Johnson & Johnson operating hospitals or reporting internal patient satisfaction scores [1, 2, 3, 4, 5, 6].",advanced_rag,7,Johnson &,4.89,0.0,,1.0,refuse,1.0,1.0,Adversarial: scored by decision accuracy (refuse=correct),1.0,The candidate answer accurately states that the requested information is not available in the provided context and correctly identifies what information about Johnson & Johnson's business is present.,gemini-2.5-flash,gemini-2.5-flash,gemini-2.5-flash,1676,81,0,0,1566,54,3242,135,0.00037820000000000003
91,What internal AI system does UnitedHealth use for processing insurance claims?,adversarial,UnitedHealth,UNH,,,nan,refuse,"Insufficient information in the provided filings. The retrieved context describes UnitedHealth Group's mission and services but does not mention any specific internal AI system used for processing insurance claims [1, 2, 3].",advanced_rag,7,UnitedHealth,4.84,0.0,,1.0,refuse,1.0,1.0,Adversarial: scored by decision accuracy (refuse=correct),1.0,"The answer accurately states that the provided context does not contain information about specific internal AI systems used for processing insurance claims, and correctly identifies the type of information that is present in the cited documents.",gemini-2.5-flash,gemini-2.5-flash,gemini-2.5-flash,1690,52,0,0,1551,61,3241,113,0.00036930000000000003
92,What percentage of UnitedHealth employees work remotely worldwide?,adversarial,UnitedHealth,UNH,,,nan,refuse,Insufficient information in the provided filings.,advanced_rag,7,UnitedHealth,3.7,0.0,,1.0,refuse,1.0,1.0,Adversarial: scored by decision accuracy (refuse=correct),1.0,"The retrieved context does not contain any information regarding the percentage of UnitedHealth employees who work remotely worldwide, thus the candidate answer is fully supported.",gemini-2.5-flash,gemini-2.5-flash,gemini-2.5-flash,1684,15,0,0,1513,51,3197,66,0.0003461
93,What percentage of Exxon employees work remotely worldwide?,adversarial,Exxon Mobil,XOM,,,nan,refuse,Insufficient information in the provided filings. The retrieved context does not contain details about the percentage of Exxon employees who work remotely worldwide.,advanced_rag,7,Exxon remote workforce,5.41,0.0,,1.0,refuse,1.0,1.0,Adversarial: scored by decision accuracy (refuse=correct),1.0,"The retrieved context does not contain any information about the percentage of Exxon employees who work remotely worldwide, making the candidate answer accurate.",gemini-2.5-flash,gemini-2.5-flash,gemini-2.5-flash,3217,37,0,0,3063,48,6280,85,0.000662
94,What internal AI systems does Exxon use for oil exploration modelling?,adversarial,Exxon Mobil,XOM,,,nan,refuse,"Insufficient information in the provided filings. The context states that ExxonMobil has a long-standing commitment to the development of proprietary technology [1, 2, 4, 5, 7] and that technology is an important contributor to the overall operations and results of the company [3], but it does not specify any internal AI systems used for oil exploration modelling.",advanced_rag,7,Exxon AI/,5.28,0.0,,1.0,refuse,1.0,1.0,Adversarial: scored by decision accuracy (refuse=correct),1.0,"The candidate answer accurately states that the context does not provide information on specific internal AI systems for oil exploration modelling, while correctly citing the context for ExxonMobil's commitment to proprietary technology and the importance of technology to its operations.",gemini-2.5-flash,gemini-2.5-flash,gemini-2.5-flash,1485,83,0,0,1377,68,2862,151,0.0003466
95,What internal productivity metrics does Chevron track for engineers?,adversarial,Chevron,CVX,,,nan,refuse,"Insufficient information in the provided filings. The retrieved context describes Chevron's business operations, asset holdings, and general compensation plans, but does not specify internal productivity metrics tracked for engineers.",advanced_rag,7,Chevron,5.28,0.0,,1.0,refuse,1.0,1.0,Adversarial: scored by decision accuracy (refuse=correct),1.0,"The candidate answer accurately states that the provided context lacks information on internal productivity metrics for engineers. It correctly identifies the types of information present in the context (business operations, asset holdings, and general compensation plans), which aligns with the retrieved documents.",gemini-2.5-flash,gemini-2.5-flash,gemini-2.5-flash,1836,45,0,0,1695,71,3531,116,0.0003995
96,What internal AI system does Chevron use for drilling optimisation?,adversarial,Chevron,CVX,,,nan,refuse,Insufficient information in the provided filings. The context states that Chevron is applying artificial intelligence (AI),advanced_rag,7,Chevron AI system,5.38,0.0,,1.0,refuse,1.0,1.0,Adversarial: scored by decision accuracy (refuse=correct),1.0,The candidate correctly states that the context indicates Chevron uses AI but does not provide information on a specific internal AI system for drilling optimization.,gemini-2.5-flash,gemini-2.5-flash,gemini-2.5-flash,1949,28,0,0,1788,49,3737,77,0.0004045
97,What percentage of Walmart employees work remotely worldwide?,adversarial,Walmart,WMT,,,nan,refuse,"Insufficient information in the provided filings. The filings mention the ""increased use of remote work infrastructure"" [1, 3, 4] and that it has ""increased the possible attack surfaces to be exploited"" [1, 3, 4], but they do not provide a percentage or number of Walmart employees who work remotely worldwide.",advanced_rag,7,Walmart remote employee,5.34,0.0,,1.0,refuse,1.0,1.0,Adversarial: scored by decision accuracy (refuse=correct),1.0,"The candidate answer accurately states that the requested information is not available in the provided context. It correctly identifies and references the mentions of 'remote work infrastructure' and its associated risks, while also correctly noting the absence of specific percentages or numbers regarding remote employees.",gemini-2.5-flash,gemini-2.5-flash,gemini-2.5-flash,1708,79,0,0,1598,73,3306,152,0.0003914
98,What internal robot efficiency metrics does Walmart report for its warehouses?,adversarial,Walmart,WMT,,,nan,refuse,Insufficient information in the provided filings. The retrieved context does not contain any details about Walmart's internal robot efficiency metrics for its warehouses.,advanced_rag,7,Walmart robot,5.16,0.0,,1.0,refuse,1.0,1.0,Adversarial: scored by decision accuracy (refuse=correct),1.0,The candidate answer accurately states that the provided context does not contain any information regarding Walmart's internal robot efficiency metrics for its warehouses. All claims made by the candidate are directly supported by the absence of relevant information in the context.,gemini-2.5-flash,gemini-2.5-flash,gemini-2.5-flash,1613,35,0,0,1460,68,3073,103,0.00034850000000000007
99,What percentage of Costco warehouses are fully automated?,adversarial,Costco,COST,,,nan,refuse,Insufficient information in the provided filings.,advanced_rag,7,Costco warehouse,4.72,0.0,,1.0,refuse,1.0,1.0,Adversarial: scored by decision accuracy (refuse=correct),1.0,"The provided context does not contain any information about the automation percentage of Costco warehouses, thus the candidate answer is fully supported by the lack of information.",gemini-2.5-flash,gemini-2.5-flash,gemini-2.5-flash,2173,16,0,0,2002,52,4175,68,0.0004447
100,What internal AI system does Costco use for inventory forecasting?,adversarial,Costco,COST,,,nan,refuse,"Insufficient information in the provided filings. The retrieved context discusses Costco's internal control over financial reporting but does not mention any internal AI systems used for inventory forecasting [1, 2, 3, 4, 5].",advanced_rag,7,Costco internal,4.74,0.0,,1.0,refuse,1.0,1.0,Adversarial: scored by decision accuracy (refuse=correct),1.0,"The candidate answer accurately states that the provided context does not contain information about Costco's internal AI systems for inventory forecasting, and correctly identifies that the context focuses on internal control over financial reporting.",gemini-2.5-flash,gemini-2.5-flash,gemini-2.5-flash,3003,57,0,0,2869,61,5872,118,0.0006344
