question_id,question,question_type,expected_decision,expected_answer,predicted_answer,refused,correctness,faithfulness,claims_covered,n_chunks,corr_explanation
1.0,What were Apple’s total net sales in fiscal year 2023?,extractive,ANSWER,"Apple's total net sales in fiscal year 2023 were $383,285 million.","Unfortunately, the provided context does not contain Apple's financial information. It appears to be related to ExxonMobil's financial statements and discussions about climate change and greenhouse gas emissions. To answer your question, I do not have the necessary information to provide Apple's total net sales in fiscal year 2023.",True,0.0,1.0,0.0,5,The candidate answer is incorrect because it does not provide any information about Apple's total net sales in fiscal year 2023. It also incorrectly identifies the context as related to ExxonMobil's financial statements.
2.0,"According to Apple’s fiscal Q3 2025 filing, which countries were subject to new U.S. import tariffs?",extractive,ANSWER,"According to Apple's Q3 2025 filing, the U.S. imposed additional tariffs on imports from China, India, Japan, South Korea, Taiwan, Vietnam, and the European Union.",I cannot provide information on countries subject to new U.S. import tariffs based on the provided context. Is there anything else I can help you with?,False,0.0,1.0,0.0,5,"Candidate answer does not provide any information related to the question, therefore it does not match the reference answer."
3.0,What are the contingencies declared by Microsoft for the quarter ended in September 2023?,extractive,ANSWER,"Microsoft declared a contingency related to IRS Notices of Proposed Adjustment for tax years 2004–2013, seeking an additional tax payment of $28.9 billion plus penalties and interest due to intercompany transfer pricing issues.","I couldn't find any information about Microsoft's contingencies for the quarter ended in September 2023 in the provided context. The context includes information about Bank of America and Johnson & Johnson, but not Microsoft.",False,0.0,1.0,0.0,5,"The candidate answer is incorrect because it does not provide any information about contingencies declared by Microsoft. The correct answer is about a specific contingency declared by Microsoft for tax years 2004–2013, but the candidate answer does not address this or any other contingency. The candidate answer also correctly states that the context does not include information about Microsoft, which is correct."
4.0,Which Microsoft business segment generated the highest revenue in the 2023 fiscal year?,extractive,ANSWER,"Intelligent Cloud generated the highest revenue with $87,907 million in fiscal year 2023.","Based on the provided context, I am unable to determine which Microsoft business segment generated the highest revenue in the 2023 fiscal year. The provided information does not include specific revenue figures or segment-level data for the 2023 fiscal year.",True,0.0,1.0,0.0,5,The candidate answer is incorrect as it does not attempt to answer the question. It should have provided a guess or an answer based on available information.
5.0,What risk does Nvidia mention that could affect the timing of Data Center revenue in fiscal year 2025?,extractive,ANSWER,Customers may delay adopting new architectures if their data centre infrastructure is not ready.,"I couldn't find any information about Nvidia in the provided context. The context appears to be related to Apple (AAPL), Bank of America (BAC), and Microsoft (MSFT).",False,0.0,1.0,0.0,5,"The candidate answer is incorrect because it mentions the wrong companies (AAPL, BAC, MSFT) and does not address the question about Nvidia's risk for Data Center revenue in fiscal year 2025."
26.0,What amount of revenue did Apple generate during fiscal year 2023?,paraphrased,ANSWER,"Apple's total net sales in fiscal year 2023 were $383,285 million.",I cannot provide information on Apple's revenue for fiscal year 2023. Is there anything else I can help you with?,False,0.0,1.0,0.0,5,"Candidate answer is completely missing the required information, and does not provide any relevant data."
27.0,Which regions were impacted by the newly announced U.S. import duties referenced in Apple’s Q3 2025 report?,paraphrased,ANSWER,"According to Apple's Q3 2025 filing, the U.S. imposed additional tariffs on imports from China, India, Japan, South Korea, Taiwan, Vietnam, and the European Union.",I cannot provide information on the newly announced U.S. import duties referenced in Apple's Q3 2025 report. Is there anything else I can help you with?,False,0.0,1.0,0.0,5,"The candidate answer does not provide any information about the regions impacted by the U.S. import duties, and instead asks for help with another question."
28.0,What potential financial obligations did Microsoft flag in its three-month period ending September 2023?,paraphrased,ANSWER,"Microsoft declared a contingency related to IRS Notices of Proposed Adjustment for tax years 2004–2013, seeking an additional tax payment of $28.9 billion plus penalties and interest due to intercompany transfer pricing issues.","Based on the provided context, I couldn't find any information about Microsoft's potential financial obligations in its three-month period ending September 2023. The context provided includes information about Bank of America's (BAC) 10-K and 10-Q filings for 2024 and 2025, and UnitedHealth Group's (UNH) 10-K filing for 2024. However, none of these filings contain information about Microsoft's financial obligations.",False,0.0,1.0,0.0,5,"The candidate answer is incorrect because it does not provide any information about Microsoft's potential financial obligations. The reference answer specifically mentions a contingency related to IRS Notices of Proposed Adjustment for tax years 2004–2013, which is not mentioned in the candidate answer. The candidate answer also incorrectly states that the context provided includes information about Microsoft, when in fact it only includes information about Bank of America and UnitedHealth Group."
29.0,Which of Microsoft’s operating divisions contributed the largest share of revenue in the most recent fiscal year?,paraphrased,ANSWER,"Intelligent Cloud generated the highest revenue with $87,907 million in fiscal year 2023.","Based on the provided context, I am unable to determine which of Microsoft's operating divisions contributed the largest share of revenue in the most recent fiscal year. The context only provides information on various business segments and initiatives, but does not include specific revenue data or a breakdown of revenue by division.",True,0.0,1.0,0.0,5,The candidate answer is completely incorrect and does not cover any of the claims in the reference answer.
30.0,What factor does Nvidia identify that could delay the recognition of Data Center revenue in fiscal year 2025?,paraphrased,ANSWER,Customers may delay adopting new architectures if their data centre infrastructure is not ready.,"I couldn't find any information in the provided context that relates to Nvidia or the recognition of Data Center revenue in fiscal year 2025. The context appears to be related to Bank of America's financial statements, specifically their 10-Q filings for 2023 and 2024.",False,0.0,1.0,0.0,5,The candidate answer is completely off-topic and does not address the question about Nvidia's Data Center revenue in fiscal year 2025. It incorrectly identifies the company and period.
51.0,"Apple's Services segment contributed a smaller share of total revenue than Products in fiscal year 2023, yet its management emphasises Services growth prominently. What financial characteristic of Services revenue explains this strategic focus?",reasoning,ANSWER,"Services gross margin percentage (70.8%) was nearly double that of Products (36.5%) in FY2023, explaining Apple's strategic focus on growing the higher-margin Services segment.",The provided context does not contain information about Apple's Services segment or its revenue. It appears to be related to Johnson & Johnson (JNJ) and UnitedHealth Group (UNH) financial statements.,True,0.0,1.0,0.0,5,The candidate answer is completely incorrect. It mentions wrong companies (Johnson & Johnson and UnitedHealth Group) and does not address the question about Apple's Services segment.
52.0,"In Apple’s Q3 2025 filing, did Services or Products contribute more to the year-over-year increase in total gross margin for the quarter, and by how much?",reasoning,ANSWER,"Services contributed more: Services gross margin increased by $2,808 million versus Products’ $1,232 million, so Services contributed $1,576 million more.",I cannot answer that question as it pertains to Apple's Q3 2025 filing.,False,0.0,1.0,0.0,5,"Candidate answer is completely missing, does not attempt to answer the question."
53.0,How much more revenue did Microsoft’s highest-earning business segment generate compared with its second-largest segment in fiscal year 2023?,reasoning,ANSWER,"Intelligent Cloud generated $18,633 million more revenue than Productivity and Business Processes in fiscal year 2023.","Unfortunately, the provided context does not contain information about the revenue generated by Microsoft's business segments in fiscal year 2023. The context mentions various business segments, such as Search and News Advertising, Windows, Devices, Xbox, and Azure, but it does not provide specific revenue figures for these segments.

However, the context does mention that the company's Gaming business growth is determined by the overall active user base, availability of games, and other factors. It also mentions that Xbox revenue is mainly affected by subscriptions and sales of first- and third-party content, as well as advertising.

To answer the question, we would need more information about the revenue generated by Microsoft's business segments in fiscal year 2023, which is not available in the provided context.",True,0.0,1.0,0.0,5,"The candidate answer does not provide a numerical value, instead stating that the information is not available in the context. This is not a correct answer to the question."
54.0,"Which two Microsoft segments contributed the most revenue in the quarter ending September 2024, and were these the same segments cited as driving the increase in operating income?",reasoning,ANSWER,"Productivity and Business Processes exceeded Intelligent Cloud by $4,225M in Q1 FY2025 ($28,317M vs $24,092M).","Unfortunately, the provided context does not contain information about the specific segments that contributed the most revenue in the quarter ending September 2024, or which segments drove the increase in operating income.

However, we can infer some information about the segments that are likely to contribute significantly to Microsoft's revenue and operating income. The context mentions the following segments:

1. Gaming (Xbox and cloud gaming services)
2. Search and News Advertising
3. Windows
4. Azure and cloud services (including Azure AI, Azure Arc, and Azure Orbital)
5. GitHub and developer tools

The Gaming segment is mentioned as a key area of focus, with a large active user base and a curated library of over 400 first- and third-party console and PC titles. The Search and News Advertising segment is also mentioned as a key area, with a focus on delivering relevant search, native, and display advertising to a global audience.

The Windows segment is mentioned as a key area, with a focus on providing a secure, easy-to-use interface, and compatibility with a broad range of hardware and software applications.

The Azure and cloud services segment is mentioned as a key area, with a focus on providing integrated, end-to-end security, compliance, identity, and management capabilities to support the real-world needs and evolving regulatory requirements of commercial customers and enterprises.

However, without more specific information, it is not possible to determine which two segments contributed the most revenue in the quarter ending September 2024, or which segments drove the increase in operating income.",True,0.0,0.6,0.0,5,"The candidate answer does not provide any specific information about the two Microsoft segments that contributed the most revenue in the quarter ending September 2024, or which segments drove the increase in operating income. The answer only provides general information about the segments mentioned in the context, but does not address the specific question asked."
55.0,How much greater was Nvidia’s Data Center revenue than its Gaming revenue in fiscal year 2024?,reasoning,ANSWER,Nvidia’s Data Center revenue exceeded Gaming revenue by $37.1 billion in fiscal year 2024.,I cannot provide information on Nvidia's Data Center revenue and Gaming revenue in fiscal year 2024. The provided context does not contain any information about Nvidia.,True,0.0,1.0,0.0,5,Candidate answer is completely missing and does not attempt to answer the question.
76.0,What percentage of Apple employees work remotely worldwide?,adversarial,REFUSE,nan,I cannot provide information on the percentage of Apple employees working remotely worldwide as the context provided does not contain any information about Apple or its employees.,True,1.0,1.0,0.0,5,"The candidate correctly states that the context does not contain any information about Apple or its employees, and therefore cannot provide a percentage."
77.0,What internal AI models does Apple use to design new iPhones?,adversarial,REFUSE,nan,I cannot provide information on internal AI models used by Apple to design new iPhones. Is there anything else I can help you with?,False,1.0,1.0,0.0,5,"The candidate answer correctly states that they cannot provide the information, matching the reference answer's 'nan' (not a number) implication of a lack of knowledge."
78.0,How many AI startups did Microsoft acquire in the latest fiscal year?,adversarial,REFUSE,nan,I cannot verify the number of AI startups Microsoft acquired in the latest fiscal year.,False,0.5,1.0,0.0,5,"The candidate answer acknowledges the uncertainty, but does not provide any information. It does not claim a specific number, so it gets 0.5 for correctness. It does not cover any claims from the reference answer."
79.0,What is Microsoft’s internal employee satisfaction score reported in the filing?,adversarial,REFUSE,nan,I couldn't find any information about Microsoft's internal employee satisfaction score in the provided filing context.,False,1.0,1.0,0.0,5,"Candidate answer correctly states that the information is not available in the filing, matching the reference answer."
80.0,What percentage of Nvidia employees work remotely worldwide?,adversarial,REFUSE,nan,"I couldn't find any information about Nvidia employees working remotely worldwide in the provided context. The context includes information about Microsoft, Berkshire Hathaway, and its subsidiaries, but it does not mention Nvidia.",False,1.0,1.0,0.0,5,The candidate correctly states that the information is not available and also correctly identifies that the context does not mention Nvidia.
