question_id,question,question_type,company,ticker,form_type,filing_year,expected_decision,expected_answer,predicted_answer,refused,correctness,faithfulness,claims_covered,n_chunks,rewritten_query,metadata,corr_explanation,faith_explanation,latency_sec,token_f1,numerical_accuracy,decision_accuracy,output_source
SEC_006,What was Nvidia's gross margin percentage in fiscal year 2024?,extractive,NVIDIA,NVDA,10-K,2024.0,answer,"Nvidia's gross margin was 72.7% in FY2024, up from 56.9% in FY2023.","Insufficient data: The required information could not be found in the retrieved SEC filings. (The context provides gross margin percentages for the first quarter, second quarter, first half, and first nine months of fiscal year 2024, but not for the entire fiscal year 2024.)",True,0.0,0.0,0.0,7,Nvidia gross margin percentage for fiscal year 2024,"{'ticker': 'NVDA', 'filing_year': 2024, 'form_type': '10-K'}","The candidate incorrectly states that the data for the entire fiscal year 2024 gross margin percentage is insufficient, while the reference provides the correct value of 72.7% for FY2024.","The candidate answer correctly states that the full fiscal year 2024 gross margin is not available in the context. It also correctly identifies the gross margin percentages for the first quarter, second quarter, and first half of fiscal year 2024. However, the claim that the context provides gross margin percentages for the 'first nine months of fiscal year 2024' is not supported by the retrieved context and is a hallucination. According to the scoring instructions, if an answer contains claims not present in the context (hallucinated), the score is 0.0.",56.89703416824341,0.10169491525423728,1.0,0.0,seeded_prior_advanced
SEC_007,How many employees did Nvidia report at the end of fiscal year 2025?,extractive,NVIDIA,NVDA,10-K,2025.0,answer,"As of the end of fiscal year 2025, Nvidia had approximately 36,000 employees in 38 countries; 27,100 in research and development and 8,900 in sales, marketing, operations and administrative positions.","The retrieved context does not contain information on the number of employees Nvidia reported at the end of fiscal year 2025. It only states that as of the end of fiscal year 2026, Nvidia had approximately 42,000 employees.",False,0.0,1.0,0.0,7,NVIDIA (NVDA) total number of employees for fiscal year 2025,"{'ticker': 'NVDA', 'filing_year': 2025, 'form_type': '10-K'}","The candidate answer provides information for fiscal year 2026 (42,000 employees) instead of the requested fiscal year 2025 (36,000 employees). It explicitly states it does not have the requested information, which is incorrect given the reference.","The candidate correctly states that the information for fiscal year 2025 is not available in the provided context, and accurately cites the information that is available for fiscal year 2026.",89.19324231147766,0.36111111111111105,1.0,1.0,seeded_prior_advanced
SEC_008,What was JPMorgan's CET1 capital ratio at the end of fiscal year 2023?,extractive,JPMorgan Chase,JPM,10-K,2023.0,answer,"JPMorgan's Standardized and Advanced CET1 capital ratios were both 15.0% at end of FY2023, with CET1 capital of $251 billion.","Insufficient data: The required information could not be found in the retrieved SEC filings. (The retrieved context provides CET1 capital ratios for JPMorgan Chase & Co. up to September 30, 2023, and for December 31, 2022, but not for the end of fiscal year 2023 (December 31, 2023).)",True,0.0,1.0,0.0,7,JPMorgan Chase & Co. Common Equity Tier 1 (CET1) capital ratio 2023,"{'ticker': 'JPM', 'filing_year': 2023, 'form_type': '10-K'}","The candidate incorrectly states that the information for the end of fiscal year 2023 is not available, whereas the reference provides the specific CET1 capital ratios and capital amount for that period.","The candidate correctly states that the information for the end of fiscal year 2023 (December 31, 2023) is not available in the provided context. The context only provides data up to September 30, 2023, and for December 31, 2022.",81.09529900550842,0.20289855072463767,1.0,0.0,seeded_prior_advanced
SEC_009,Which federal regulator supervises JPMorgan Chase as a bank holding company in 2024?,extractive,JPMorgan Chase,JPM,10-K,2024.0,answer,JPMorgan Chase is supervised and regulated by the Federal Reserve as a bank holding company.,"The Federal Reserve supervises JPMorgan Chase as a bank holding company. The Federal Reserve establishes capital requirements and is authorized to take action against the parent BHC, such as JPMorgan Chase & Co.",False,1.0,0.75,1.0,7,JPMorgan Chase bank holding company federal regulator supervision,"{'ticker': 'JPM', 'filing_year': 2024, 'form_type': '10-K'}","The candidate answer correctly identifies the Federal Reserve as the supervisor for JPMorgan Chase as a bank holding company, fully covering the reference answer and providing additional relevant details.","The answer correctly identifies the Federal Reserve as the supervisor for the bank holding company, which is strongly implied by its authority to take action against the parent BHC. The claim that the Federal Reserve is authorized to take action against the parent BHC is directly supported. However, the claim that the Federal Reserve establishes capital requirements is not explicitly stated in the provided context.",42.36040425300598,0.5106382978723405,1.0,1.0,seeded_prior_advanced
SEC_010,What were Bank of America's Total liabilities as of September 2025?,extractive,Bank of America,BAC,10-Q,2025.0,answer,"Bank of America's total liabilities as of September 30, 2025 were $3,099,564 million.","Bank of America's Total liabilities as of September 30, 2025, were $3,099,564 million.",False,1.0,1.0,1.0,7,"Bank of America (BAC) total liabilities as of September 30, 2025, from 10-Q filing.","{'ticker': 'BAC', 'filing_year': 2025, 'form_type': '10-Q'}","The candidate answer perfectly matches the reference answer in value, units, company, and period.","The candidate answer accurately states Bank of America's Total liabilities as of September 30, 2025, which is directly supported by Doc 1 under the 'Balance sheet' section.",36.38147568702698,1.0,1.0,1.0,seeded_prior_advanced
SEC_011,What interest rate risk does Bank of America describe in its latest annual filing?,extractive,Bank of America,BAC,10-K,2024.0,answer,"Bank of America manages interest rate risk through an overall strategy incorporating derivatives and cash instruments to manage fluctuations in earnings and capital caused by interest rate volatility, with the goal that movements in interest rates do not significantly adversely affect earnings and capital.","In its latest annual filing (BAC_10-K_2026-02-25), Bank of America describes interest rate risk as the ""most significant market risk exposure to our banking book balance sheet."" Additionally, the Corporation is subject to interest rate risk from originating, funding, and servicing mortgage loans.",False,0.0,0.5,0.0,7,Bank of America 10-K interest rate risk management and exposure,"{'ticker': 'BAC', 'filing_year': 2024, 'form_type': '10-K'}","The candidate answer describes the significance and sources of interest rate risk for Bank of America, but it does not cover any of the specific details about how Bank of America manages this risk, including the strategy, instruments (derivatives, cash instruments), or the goal related to earnings and capital fluctuations, which are the core claims of the reference answer.","The first claim, identifying the latest filing and quoting the description of interest rate risk, is directly supported by Doc 2. The second claim, regarding interest rate risk from originating, funding, and servicing mortgage loans, is not explicitly stated in the provided context. While Doc 1 mentions 'Mortgage Banking Risk Management', it does not link it to interest rate risk in the specific way described by the candidate answer.",65.25363779067993,0.26373626373626374,1.0,1.0,seeded_prior_advanced
SEC_012,What was Berkshire Hathaway’s net earnings attributable to shareholders reported in its latest annual report?,extractive,Berkshire Hathaway,BRK-B,10-K,2025.0,answer,"Berkshire Hathaway's net earnings attributable to Berkshire shareholders in fiscal year 2025 were $66,968 million.","Berkshire Hathaway’s net earnings attributable to shareholders in its latest annual report (fiscal year 2025) were $66,968 million.",False,1.0,1.0,1.0,7,Berkshire Hathaway net earnings attributable to shareholders latest 10-K annual report.,"{'ticker': 'BRK-B', 'filing_year': 2025, 'form_type': '10-K'}","The candidate answer perfectly matches the reference answer in value, units, company, and period.","The candidate answer correctly identifies the net earnings attributable to Berkshire shareholders for the latest fiscal year (2025) as $66,968 million, which is directly supported by Doc 1.",65.16368222236633,0.8648648648648648,1.0,1.0,seeded_prior_advanced
SEC_013,How much did Berkshire Hathaway pay to acquire an additional interest in Pilot Travel Centers in January 2023?,extractive,Berkshire Hathaway,BRK-B,10-Q,2023.0,answer,"Berkshire Hathaway acquired an additional 41.4% controlling interest in Pilot Travel Centers for approximately $8.2 billion on January 31, 2023, which was consolidated into financial statements from February 1, 2023.","Berkshire Hathaway paid approximately $8.2 billion to acquire an additional 41.4% interest in Pilot Travel Centers on January 31, 2023.",False,0.95,1.0,0.71,7,Berkshire Hathaway's January 2023 capital outlay for increased equity stake in Pilot Travel Centers.,"{'ticker': 'BRK-B', 'filing_year': 2023, 'form_type': '10-Q'}","The candidate answer correctly states the acquisition amount ($8.2 billion), the percentage (41.4%), and the date (January 31, 2023), matching the core information in the reference. It omits the detail that it was a 'controlling' interest and the consolidation date, but these are secondary to the 'how much' question.","The candidate answer accurately states that Berkshire Hathaway paid approximately $8.2 billion to acquire an additional 41.4% interest in Pilot Travel Centers. Doc 1 explicitly supports the amount and percentage, and Doc 3 confirms the January 31, 2023 date for this acquisition.",54.13614320755005,0.7037037037037037,1.0,1.0,seeded_prior_advanced
SEC_014,What were Johnson & Johnson’s total sales for the first nine months of fiscal 2025?,extractive,Johnson & Johnson,JNJ,10-Q,2025.0,answer,"Johnson & Johnson's total sales for the nine months ended September 28, 2025 were $69,629 million.","Johnson & Johnson’s total sales for the first nine months of fiscal 2025 were $69,629 million.",False,1.0,1.0,1.0,7,Johnson & Johnson net revenue for the first nine months of fiscal 2025 10-Q,"{'ticker': 'JNJ', 'filing_year': 2025, 'form_type': '10-Q'}","The candidate answer perfectly matches the reference answer in terms of company, metric, value, units, and period.","The candidate answer accurately states Johnson & Johnson's total sales for the first nine months of fiscal 2025 as $69,629 million, which is directly supported by the 'Sales to customers' figure in Doc 1 for the 'Fiscal Nine Months Ended September 28, 2025'.",37.7199969291687,0.8235294117647058,1.0,1.0,seeded_prior_advanced
SEC_015,What was Johnson & Johnson’s net earnings in the most recent annual report?,extractive,Johnson & Johnson,JNJ,10-K,2025.0,answer,"Johnson & Johnson's net earnings from continuing operations in fiscal year 2025 were $26,804 million.","Johnson & Johnson's net earnings in the most recent annual report (fiscal year 2024) were $14,066 million.",False,0.0,0.0,0.4,7,Johnson & Johnson net earnings in latest 10-K annual report,"{'ticker': 'JNJ', 'filing_year': 2025, 'form_type': '10-K'}","The candidate provides a different net earnings value ($14,066 million) for a different fiscal year (2024) compared to the reference ($26,804 million for fiscal year 2025). The company and general metric are correct, but the specific period and value are incorrect.","The candidate answer states net earnings of $14,066 million for fiscal year 2024. The retrieved context, which is the 2023 Annual Report, shows net earnings of $35,153 million for 2023. The value and the fiscal year are incorrect and not supported by the context.",48.09013533592224,0.5882352941176471,1.0,1.0,seeded_prior_advanced
SEC_016,What was UnitedHealth Group's medical care ratio for the three months ended June 2024?,extractive,UnitedHealth Group,UNH,10-Q,2024.0,answer,"UnitedHealth Group's medical care ratio (MCR) for the three months ended June 30, 2024 was 85.1%, up from 83.2% in Q2 2023, an increase of 1.9 percentage points.","Insufficient data: The required information could not be found in the retrieved SEC filings. (The provided context includes financial data such as revenues and operating margins, but it does not explicitly state or provide the necessary components (medical costs and premium revenues) to calculate the medical care ratio for the three months ended June 2024.)",True,0.0,1.0,0.0,7,UnitedHealth Group (UNH) medical care ratio for three months ended June 2024 in 10-Q filing.,"{'ticker': 'UNH', 'filing_year': 2024, 'form_type': '10-Q'}","The candidate incorrectly states that the data is insufficient, while the reference provides the specific medical care ratio of 85.1% for the three months ended June 2024.",The candidate correctly identifies that the medical care ratio for the three months ended June 2024 is not explicitly stated or calculable from the provided context. The context includes other financial data but lacks the specific components (medical costs and premium revenues) needed for this calculation.,66.7343955039978,0.25287356321839083,1.0,0.0,seeded_prior_advanced
SEC_017,What was UnitedHealth Group’s net earnings reported in 2023?,extractive,UnitedHealth Group,UNH,10-K,2023.0,answer,"UnitedHealth Group's net earnings reported in 2023 is $23,144 million.","Insufficient data: The required information could not be found in the retrieved SEC filings. (The provided context contains net earnings for partial periods of 2023 (e.g., nine months ended September 30, 2023, showing $17,469 million). However, the specific net earnings figure of $23,144 million for the full year 2023 is not present in the retrieved 10-Q filings. Full year 2023 data would typically be found in a 10-K filing, which is not provided.)",True,0.0,0.0,0.0,7,UnitedHealth Group (UNH) net earnings for fiscal year 2023,"{'ticker': 'UNH', 'filing_year': 2023, 'form_type': '10-K'}","The candidate answer stated 'Insufficient data' and did not provide the correct net earnings figure for 2023, which was $23,144 million in the reference.","The answer correctly states that the full year 2023 net earnings are not available in the provided 10-Q filings and accurately cites the nine-month net earnings of $17,469 million. However, it hallucinates a specific full year net earnings figure of $23,144 million, which is not present in the context. The explanation about 10-K filings is general knowledge and not directly grounded in the provided context. The hallucinated number results in a score of 0.0.",70.41619801521301,0.17777777777777778,1.0,0.0,seeded_prior_advanced
SEC_018,How many oil-equivalent barrels per day did ExxonMobil produce in fiscal year 2023?,extractive,Exxon Mobil,XOM,10-K,2023.0,answer,"ExxonMobil produced 3,738 thousand oil-equivalent barrels per day","Insufficient data: The required information could not be found in the retrieved SEC filings. (The retrieved context provides partial production figures for specific regions (Permian, Kazakhstan) or growth figures, but it does not state ExxonMobil's total oil-equivalent barrels per day production for fiscal year 2023.)",True,0.0,1.0,0.0,7,ExxonMobil (XOM) fiscal year 2023 10-K oil-equivalent production barrels per day.,"{'ticker': 'XOM', 'filing_year': 2023, 'form_type': '10-K'}","The candidate incorrectly states 'Insufficient data' while the reference provides the specific production figure of 3,738 thousand oil-equivalent barrels per day.","The candidate correctly states that the total oil-equivalent barrels per day for ExxonMobil in fiscal year 2023 is not provided in the context. The context only gives partial production figures for specific regions or growth figures, but not the overall total.",65.62407803535461,0.21052631578947367,0.0,0.0,seeded_prior_advanced
SEC_019,What was the total value of acquisitions completed by ExxonMobil during the third quarter of 2025?,extractive,Exxon Mobil,XOM,10-Q,2025.0,answer,ExxonMobil completed $2.4 billion in acquisitions consisting primarily of proved and unproved acreage in the Permian basin.,"During the third quarter of 2025, ExxonMobil completed $2.4 billion in acquisitions.",False,1.0,1.0,0.75,7,XOM total value of business combinations completed in Q3 2025 10-Q filing.,"{'ticker': 'XOM', 'filing_year': 2025, 'form_type': '10-Q'}","The candidate correctly provides the total value of acquisitions by ExxonMobil for the specified period. It misses the detail about the nature of the acquisitions (Permian basin acreage), but the core numerical answer to the question is correct.","The candidate answer accurately states the total value of acquisitions completed by ExxonMobil during the third quarter of 2025, which is directly supported by Doc 1.",38.69674634933472,0.5806451612903226,1.0,1.0,seeded_prior_advanced
SEC_020,"What primarily caused Chevron’s international upstream earnings to decrease in the three months ended March 31, 2024?",extractive,Chevron,CVX,10-Q,2024.0,answer,Chevron's International Upstream earnings decreased was primarily due to lower natural gas realizations,"Insufficient data: The required information could not be found in the retrieved SEC filings. (The context provides the International Upstream earnings for the specified period, showing a decrease. However, it does not explicitly state the primary cause for this specific decrease. The explanations provided for 'Upstream earnings' refer to the total upstream, which actually increased, and other explanations are for different segments or metrics.)",True,0.0,1.0,0.0,7,Primary causes for Chevron's international upstream earnings decrease in Q1 2024 10-Q.,"{'ticker': 'CVX', 'filing_year': 2024, 'form_type': '10-Q'}","The reference answer provides a specific cause for the decrease (lower natural gas realizations), while the candidate states that the information is insufficient. Therefore, the candidate completely misses the correct answer.","The candidate correctly identifies that the context provides the international upstream earnings and shows a decrease, but does not explicitly state the primary cause for this specific decrease. The explanations provided in the context are for total upstream earnings (which increased) or other segments/metrics.",50.16832876205444,0.10256410256410256,1.0,0.0,seeded_prior_advanced
SEC_021,What are Chevron’s two primary business segments in 2025?,extractive,Chevron,CVX,10-K,2025.0,answer,Chevron's two primary business segments in 2025 are Upstream and Downstream.,Chevron’s two primary business segments in 2025 are Upstream and Downstream.,False,1.0,1.0,1.0,7,Chevron (CVX) primary business segments reported in 2025 10-K filing.,"{'ticker': 'CVX', 'filing_year': 2025, 'form_type': '10-K'}","The candidate answer is identical to the reference answer, correctly identifying Chevron's two primary business segments for 2025 as Upstream and Downstream.","The answer correctly identifies Chevron's two primary business segments as Upstream and Downstream, and the context explicitly states these are the company's operating segments and that segment income statements for 2025 are reported under Note 14, which details these segments.",38.68340039253235,1.0,1.0,1.0,seeded_prior_advanced
SEC_022,What liability did Walmart accrue in fiscal year 2023 for opioid-related settlement agreements?,extractive,Walmart,WMT,10-Q,2023.0,answer,"During fiscal 2023, Walmart accrued a liability of approximately $3.3 billion for the opioid-related Settlement Framework.",Walmart accrued a liability of approximately $3.3 billion in fiscal year 2023 for the Settlement Framework and other previously agreed upon state and tribal opioid-related settlements.,False,1.0,1.0,1.0,7,Walmart WMT 2023 10-K opioid-related settlement agreements liability,"{'ticker': 'WMT', 'filing_year': 2023, 'form_type': '10-Q'}","The candidate answer accurately states the liability amount, company, fiscal year, and reason for the accrual, matching the reference.","The candidate answer accurately states the liability accrued by Walmart in fiscal year 2023 for opioid-related settlements, which is directly supported by Doc 1.",39.920438289642334,0.7391304347826088,1.0,1.0,seeded_prior_advanced
SEC_023,How many associates did Walmart employ globally in fiscal year 2025?,extractive,Walmart,WMT,10-K,2025.0,answer,Walmart employed approximately 2.1 million associates.,Insufficient data: The required information could not be found in the retrieved SEC filings. (The provided context does not contain any information regarding the number of associates Walmart employed globally for fiscal year 2025 or any other year.),True,0.0,1.0,0.0,7,Walmart Inc. (WMT) global associates count fiscal year 2025 10-K filing.,"{'ticker': 'WMT', 'filing_year': 2025, 'form_type': '10-K'}","The candidate states that data is insufficient, which directly contradicts the reference answer that provides a specific number of associates. The candidate does not provide the value from the reference.",The provided context does not contain any information regarding the number of associates Walmart employed globally for fiscal year 2025 or any other year. The candidate correctly identified the lack of information.,64.09141993522644,0.13333333333333333,0.0,0.0,seeded_prior_advanced
SEC_024,What was Costco’s total revenue reported in fiscal year 2025?,extractive,Costco,COST,10-K,2025.0,answer,"Costco's total revenue for fiscal year 2025 was $275,235 million.","Insufficient data: The required information could not be found in the retrieved SEC filings. (The context provides partial revenue data for fiscal year 2025 (36 weeks ended May 11, 2025, and 12 weeks ended May 11, 2025) but does not contain the total revenue for the entire fiscal year 2025. The provided answer of $275,235 million is not found in the context for fiscal year 2025.)",True,0.0,0.9,0.0,7,Costco Wholesale Corporation total revenue fiscal year 2025,"{'ticker': 'COST', 'filing_year': 2025, 'form_type': '10-K'}","The candidate answer states 'Insufficient data' and fails to provide the requested revenue figure, whereas the reference provides a specific value for Costco's total revenue in fiscal year 2025.","The candidate correctly states that the full fiscal year 2025 revenue is not available and provides accurate partial data from the context. However, it unnecessarily mentions a specific revenue figure ($275,235 million) that is not present in the retrieved context, even when stating it is not found.",64.36626529693604,0.2278481012658228,1.0,0.0,seeded_prior_advanced
SEC_025,"What membership fee revenue did Costco report for the quarter ended November 26, 2023?",extractive,Costco,COST,10-Q,2023.0,answer,"Costco reported membership fee revenue of $1,082 million for the 12 weeks ended November 26, 2023.","Costco reported membership fee revenue of $1,082 million for the quarter ended November 26, 2023.",False,1.0,1.0,1.0,7,"Costco (COST) membership fee revenue for quarter ended November 26, 2023, from 2024 10-Q filing.","{'ticker': 'COST', 'filing_year': 2023, 'form_type': '10-Q'}","The candidate answer accurately reports the membership fee revenue, value, units, company, and period as stated in the reference. The '12 weeks' in the reference and 'quarter' in the candidate refer to the same fiscal reporting period.","The candidate answer accurately states the membership fee revenue for the quarter ended November 26, 2023, as $1,082 million, which is directly supported by Doc 1.",40.21193528175354,0.9090909090909091,1.0,1.0,seeded_prior_advanced
SEC_031,What proportion of Nvidia’s revenue remained as gross profit during fiscal year 2024?,paraphrased,NVIDIA,NVDA,10-K,2024.0,answer,"Nvidia's gross margin was 72.7% in FY2024, up from 56.9% in FY2023.",Nvidia's gross margin was 72.7% of total revenue in fiscal year 2024.,False,1.0,1.0,0.33,7,NVIDIA gross profit as a percentage of net revenue for fiscal year 2024 10-K,"{'ticker': 'NVDA', 'filing_year': 2024, 'form_type': '10-K'}","The candidate correctly states Nvidia's gross margin for fiscal year 2024, which directly answers the question. It omits the comparative data for FY2023 mentioned in the reference.","The candidate answer accurately states the gross margin for fiscal year 2024 as 72.7%, which is directly supported by Doc 1.",38.46289253234863,0.5517241379310344,1.0,1.0,seeded_prior_advanced
SEC_032,What was the size of Nvidia's workforce at the close of its 2025 annual period?,paraphrased,NVIDIA,NVDA,10-K,2025.0,answer,"As of the end of fiscal year 2025, Nvidia had approximately 36,000 employees in 38 countries; 27,100 in research and development and 8,900 in sales, marketing, operations and administrative positions.","Insufficient data: The required information could not be found in the retrieved SEC filings. (The context provides the workforce size for fiscal year 2026 (42,000 employees) but does not state the size of Nvidia's workforce at the close of its 2025 annual period.)",True,0.0,1.0,0.0,7,Nvidia 2025 projected employee count or workforce size in 10-K filings.,"{'ticker': 'NVDA', 'filing_year': 2025, 'form_type': '10-K'}","The candidate incorrectly states that the information for fiscal year 2025 is insufficient or not found, whereas the reference answer provides the exact workforce size for Nvidia at the end of fiscal year 2025.","The candidate correctly identifies that the context provides the workforce size for fiscal year 2026 (42,000 employees) but not for fiscal year 2025, making the answer fully grounded in the provided information.",60.79461073875427,0.2564102564102564,1.0,0.0,seeded_prior_advanced
SEC_033,What Common Equity Tier 1 capital ratio did JPMorgan report at the end of fiscal year 2023?,paraphrased,JPMorgan,JPM,10-K,2023.0,answer,"JPMorgan's Standardized and Advanced CET1 capital ratios were both 15.0% at end of FY2023, with CET1 capital of $251 billion.","Insufficient data: The required information could not be found in the retrieved SEC filings. (The context provides CET1 capital ratios for subsidiaries (Morgan Securities plc and JPMSE) as of December 31, 2023, but not for the consolidated entity JPMorgan Chase & Co. for that period.)",True,0.0,1.0,0.0,7,JPMorgan Chase Common Equity Tier 1 capital ratio 2023,"{'ticker': 'JPM', 'filing_year': 2023, 'form_type': '10-K'}","The candidate incorrectly states that the information is insufficient, while the reference provides the specific CET1 capital ratios (15.0%) and capital ($251 billion) for JPMorgan at the end of FY2023.","The candidate correctly identifies that the requested information for JPMorgan Chase & Co. (the consolidated entity) at the end of fiscal year 2023 is not present in the provided context. It also accurately notes that the context only provides CET1 capital ratios for subsidiaries (Morgan Securities plc and JPMSE) for that period, which is a correct observation from Doc 3.",76.80903816223145,0.1818181818181818,1.0,0.0,seeded_prior_advanced
SEC_034,What government body had oversight responsibility over JPMorgan Chase's holding company structure in 2024?,paraphrased,JPMorgan,JPM,10-K,2024.0,answer,JPMorgan Chase is supervised and regulated by the Federal Reserve as a bank holding company.,"The Federal Reserve had oversight responsibility over JPMorgan Chase's holding company structure in 2024, establishing capital requirements, including well-capitalized standards, for the Firm as a consolidated financial holding company. The Federal Reserve also establishes capital, liquidity, and leverage requirements for JPMorgan Chase and evaluates the Firm's compliance with those requirements.",False,1.0,0.0,1.0,7,JPMorgan Chase & Co. holding company primary regulatory oversight body 2024,"{'ticker': 'JPM', 'filing_year': 2024, 'form_type': '10-K'}","The candidate correctly identifies the Federal Reserve as the oversight body for JPMorgan Chase's holding company structure and provides accurate additional details about its responsibilities, fully covering the reference information.","The provided context does not explicitly state that the Federal Reserve had oversight responsibility over JPMorgan Chase's holding company structure or that it established capital, liquidity, and leverage requirements for the firm. While the context mentions 'Financial holding company: Consolidated supervision' and 'applicable regulatory capital rules' and 'well-capitalized' status, it does not attribute these to the Federal Reserve. The context only mentions the OCC and FDIC for the national bank subsidiary.",64.97926831245422,0.29411764705882354,1.0,1.0,seeded_prior_advanced
SEC_035,What was the aggregate sum of all debts and obligations owed by Bank of America as of September 2025?,paraphrased,Bank of America,BAC,10-Q,2025.0,answer,"Bank of America's total liabilities as of September 30, 2025 were $3,099,564 million.","Insufficient data: The required information could not be found in the retrieved SEC filings. (The retrieved context provides components of debt and liabilities for periods around September 2025 (e.g., long-term debt maturities for the remainder of 2025, total liabilities for March 2025), but it does not contain the aggregate sum of all debts and obligations (Total Liabilities) specifically for September 2025.)",True,0.0,1.0,0.0,7,Bank of America (BAC) total liabilities and debt obligations for fiscal year 2025,"{'ticker': 'BAC', 'filing_year': 2025, 'form_type': '10-Q'}","The candidate incorrectly stated that the information was insufficient, while the reference answer provides the exact total liabilities for September 2025.","The candidate correctly states that the required information (aggregate sum of all debts and obligations for September 2025) is not available in the provided context. The context provides long-term debt maturities for the remainder of 2025 and total liabilities for March 2025, but not the specific aggregate sum for September 2025.",77.16201400756836,0.1518987341772152,1.0,0.0,seeded_prior_advanced
SEC_036,How does Bank of America characterise the threat posed by fluctuating borrowing costs in its 2024 annual period?,paraphrased,Bank of America,BAC,10-K,2024.0,answer,"Bank of America manages interest rate risk through an overall strategy incorporating derivatives and cash instruments to manage fluctuations in earnings and capital caused by interest rate volatility, with the goal that movements in interest rates do not significantly adversely affect earnings and capital.","Bank of America characterizes the threat posed by fluctuating borrowing costs by stating that if its borrowing costs increase, its liquidity will be negatively affected. The Corporation's goal is to manage interest rate sensitivity so that movements in interest rates do not significantly adversely affect earnings and capital. Additionally, higher interest rates can lead to incremental interest expense, reduce asset sensitivity, and negatively impact the fair value of debt securities, which adversely affects accumulated other comprehensive income and capital levels.",False,0.75,0.45,0.75,7,BAC 2024 10-K: Assessment of interest rate risk and impact of fluctuating borrowing costs.,"{'ticker': 'BAC', 'filing_year': 2024, 'form_type': '10-K'}","The candidate correctly identifies Bank of America's goal regarding interest rate movements and provides additional relevant details about the specific threats (liquidity, expense, asset sensitivity, fair value of debt securities, AOCI, capital). However, it misses the reference's mention of derivatives and cash instruments as part of the management strategy.","The answer correctly states that Bank of America's goal is to manage interest rate sensitivity to prevent adverse effects on earnings and capital, and that higher interest rates can lead to incremental interest expense and reduced asset sensitivity. However, it incorrectly claims that liquidity will be negatively affected and includes specific mechanisms (negatively impact the fair value of debt securities, adversely affects accumulated other comprehensive income) that are not explicitly mentioned in the provided context.",58.7318332195282,0.43199999999999994,1.0,1.0,seeded_prior_advanced
SEC_037,What was the total profit that Berkshire Hathaway recorded for the most recent yearly report?,paraphrased,Berkshire Hathaway,BRK-B,10-K,2025.0,answer,"Berkshire Hathaway's net earnings attributable to Berkshire shareholders in fiscal year 2025 were $66,968 million.","Berkshire Hathaway recorded net earnings attributable to Berkshire shareholders of $66,968 million for the year ended December 31, 2025.",False,1.0,1.0,1.0,7,Berkshire Hathaway net income from most recent 10-K filing,"{'ticker': 'BRK-B', 'filing_year': 2025, 'form_type': '10-K'}","The candidate answer perfectly matches the reference answer, providing the correct company, value, units, and period.","The answer correctly identifies the net earnings attributable to Berkshire shareholders for the most recent year (2025) as $66,968 million, which is directly supported by Doc 2.",46.430537700653076,0.7027027027027027,1.0,1.0,seeded_prior_advanced
SEC_038,How much did Berkshire Hathaway spend in January 2023 to buy out the remaining ownership stake in Pilot Travel Centers?,paraphrased,Berkshire Hathaway,BRK-B,10-Q,2023.0,answer,"Berkshire Hathaway acquired an additional 41.4% controlling interest in Pilot Travel Centers for approximately $8.2 billion on January 31, 2023, which was consolidated into financial statements from February 1, 2023.","The context indicates that Berkshire Hathaway acquired an additional 41.4% interest in Pilot Travel Centers for approximately $8.2 billion on January 31, 2023. However, this was not the *remaining* ownership stake. The remaining 20% noncontrolling interest was acquired in January 2024 for $2.6 billion, as the option to redeem this interest began in 2024. Therefore, the context does not contain the answer to how much Berkshire Hathaway spent in January 2023 to buy out the *remaining* ownership stake.",False,1.0,1.0,1.0,7,Berkshire Hathaway acquisition cost of remaining Pilot Travel Centers ownership stake January 2023,"{'ticker': 'BRK-B', 'filing_year': 2023, 'form_type': '10-Q'}","The candidate accurately extracts all relevant transaction details from the reference (company, percentage, amount, date). It then correctly clarifies that this specific transaction was not for the 'remaining' ownership stake as implied by the question, providing a precise and correct answer to the nuanced question.","The candidate correctly states that the January 2023 acquisition was for an additional 41.4% interest, not the remaining stake, and that the remaining stake was acquired in January 2024 for $2.6 billion. All claims are directly supported by the context.",60.524205684661865,0.40707964601769914,1.0,1.0,seeded_prior_advanced
SEC_039,How much revenue did Johnson & Johnson generate during the first three quarters of fiscal year 2025?,paraphrased,Johnson & Johnson,JNJ,10-Q,2025.0,answer,"Johnson & Johnson's total sales for the nine months ended September 28, 2025 were $69,629 million.",The provided context does not contain the total revenue Johnson & Johnson generated during the first three quarters of fiscal year 2025.,False,0.0,1.0,0.0,7,"JNJ net revenue for Q1, Q2, and Q3 2025","{'ticker': 'JNJ', 'filing_year': 2025, 'form_type': '10-Q'}","The candidate incorrectly states that the information is not available, while the reference provides the exact requested data for Johnson & Johnson's revenue for the first three quarters of fiscal year 2025.","The provided context, which includes 10-Q filings for Q1 and Q2 2025, does not contain information about Johnson & Johnson's total revenue for the first three quarters of fiscal year 2025. The candidate correctly identified this absence of information.",67.91191601753235,0.2631578947368421,1.0,1.0,seeded_prior_advanced
SEC_040,What bottom-line profit did Johnson & Johnson record in its most recent annual filing?,paraphrased,Johnson & Johnson,JNJ,10-K,2025.0,answer,"Johnson & Johnson's net earnings from continuing operations in fiscal year 2025 were $26,804 million.","Insufficient data: The required information could not be found in the retrieved SEC filings. (The context only provides 'Net earnings from Discontinued Operations' for 2023 and 2022, but not the overall 'Net Earnings' (bottom-line profit) for the most recent annual filing (2024 or 2023 total).)",True,0.0,1.0,0.0,7,Johnson & Johnson (JNJ) net income from the latest 10-K filing.,"{'ticker': 'JNJ', 'filing_year': 2025, 'form_type': '10-K'}",The candidate states 'Insufficient data' while the reference provides a specific net earnings figure for Johnson & Johnson for fiscal year 2025.,"The candidate correctly states that the overall 'Net Earnings' (bottom-line profit) for the most recent annual filing (2024) is not provided in the context. While the context mentions 'Net Earnings' for 2024 in relation to separation costs, the total figure is absent. The context only provides 'Net earnings from discontinued operations' for 2023 and 2022, which is not the requested overall bottom-line profit.",68.52918863296509,0.16129032258064516,1.0,0.0,seeded_prior_advanced
SEC_041,What proportion of premium revenue did UnitedHealth Group spend on medical care in the quarter ending June 2024?,paraphrased,UnitedHealth,UNH,10-Q,2024.0,answer,"UnitedHealth Group's medical care ratio (MCR) for the three months ended June 30, 2024 was 85.1%, up from 83.2% in Q2 2023, an increase of 1.9 percentage points.","UnitedHealth Group spent 85.1% of its premium revenue on medical care in the quarter ending June 2024, as indicated by its Medical care ratio.",False,1.0,0.9,0.6,7,UnitedHealth Group (UNH) medical care ratio or medical loss ratio from premium revenue for Q2 2024 10-Q.,"{'ticker': 'UNH', 'filing_year': 2024, 'form_type': '10-Q'}","The candidate correctly answers the question by providing the exact value, unit, and period for UnitedHealth Group's medical care ratio. It covers the primary information requested but omits the comparative data from the previous year mentioned in the reference.","The candidate correctly identifies the metric and the period, and states that it is indicated by the Medical care ratio. However, the specific percentage provided (85.1%) is slightly off from the context (85.2%).",42.297321796417236,0.42105263157894735,1.0,1.0,seeded_prior_advanced
SEC_042,What was the total profit that UnitedHealth Group recorded at the close of its 2023 annual period?,paraphrased,UnitedHealth,UNH,10-K,2023.0,answer,"UnitedHealth Group's net earnings reported in 2023 is $23,144 million.","UnitedHealth Group recorded a total profit of $23,144 million in net earnings at the close of its 2023 annual period.",False,1.0,1.0,1.0,7,UnitedHealth Group (UNH) 2023 annual net income from 10-K filing.,"{'ticker': 'UNH', 'filing_year': 2023, 'form_type': '10-K'}","The candidate answer perfectly matches the reference answer in terms of value, units, company, and period.","The candidate answer accurately states the net earnings for UnitedHealth Group in 2023 as $23,144 million, which is directly supported by the 'Consolidated Statements of Cash Flows' in Doc 1.",53.47925519943237,0.5454545454545454,1.0,1.0,seeded_prior_advanced
SEC_043,What was ExxonMobil’s average daily production of oil-equivalent barrels in fiscal year 2023?,paraphrased,Exxon Mobil,XOM,10-K,2023.0,answer,"ExxonMobil produced 3,738 thousand oil-equivalent barrels per day","ExxonMobil’s average daily production of oil-equivalent barrels in fiscal year 2023 was 3,738 thousand oil-equivalent barrels daily.",False,1.0,0.0,1.0,7,ExxonMobil (XOM) 2023 10-K average daily oil-equivalent production barrels.,"{'ticker': 'XOM', 'filing_year': 2023, 'form_type': '10-K'}","The candidate answer perfectly matches the reference answer in terms of value, units, company, and also correctly includes the fiscal year from the question.","The provided context does not contain ExxonMobil's average daily production of oil-equivalent barrels for fiscal year 2023. The number 3,738 thousand oil-equivalent barrels daily is not present or derivable from the given text.",38.51401901245117,0.45161290322580644,1.0,1.0,seeded_prior_advanced
SEC_044,Had ExxonMobil finalised any purchases of other businesses by September 2025?,paraphrased,Exxon Mobil,XOM,10-Q,2025.0,answer,ExxonMobil completed $2.4 billion in acquisitions consisting primarily of proved and unproved acreage in the Permian basin.,"Yes, ExxonMobil finalized acquisitions by September 2025. During the third quarter of 2025, the Corporation completed $2.4 billion in acquisitions, primarily consisting of proved and unproved acreage in the Permian basin. These acquisitions were accounted for as business combinations.",False,0.0,1.0,1.0,7,ExxonMobil (XOM) business acquisitions and mergers reported in 10-Q filings through Q3 2025.,"{'ticker': 'XOM', 'filing_year': 2025, 'form_type': '10-Q'}","The candidate correctly extracts the acquisition value ($2.4 billion) and nature (proved and unproved acreage in the Permian basin) from the reference. However, it incorrectly attributes this acquisition to the future period of September 2025, which is not supported by the reference and is likely an hallucination. The reference does not specify a date for the acquisition.","All claims in the candidate answer are directly supported by the provided context, specifically Doc 1, which states that acquisitions were completed during the third quarter of 2025 (July 1 - September 30, 2025).",45.30230140686035,0.6206896551724138,1.0,1.0,seeded_prior_advanced
SEC_045,What was the primary driver behind the decline in Chevron’s international upstream earnings in the March 2024 quarter?,paraphrased,Chevron,CVX,10-Q,2024.0,answer,Chevron's International Upstream earnings decreased was primarily due to lower natural gas realizations,"Insufficient data: The required information could not be found in the retrieved SEC filings. (The retrieved context does not contain information about the primary drivers for the decline in Chevron's international upstream earnings specifically for the March 2024 quarter. The provided details for upstream earnings drivers are for the June 2024 quarter, not March 2024.)",True,0.0,1.0,0.0,7,Chevron Q1 2024 10-Q: Drivers for international upstream earnings decline.,"{'ticker': 'CVX', 'filing_year': 2024, 'form_type': '10-Q'}","The candidate incorrectly states that the information is insufficient, while the reference provides the specific driver for the decline in Chevron's international upstream earnings for the March 2024 quarter.","The candidate correctly identifies that the retrieved context does not contain the specific information requested for the March 2024 quarter regarding international upstream earnings drivers, noting that the provided details are for the June 2024 quarter instead.",64.93696594238281,0.14285714285714285,1.0,0.0,seeded_prior_advanced
SEC_046,What are the two main divisions through which Chevron conducted its operations in the 2025 annual period?,paraphrased,Chevron,CVX,10-K,2025.0,answer,Chevron's two primary business segments in 2025 are Upstream and Downstream.,Chevron conducted its operations through two main business segments in the 2025 annual period: Upstream and Downstream.,False,1.0,1.0,1.0,7,Chevron (CVX) principal operational segments and business divisions in 2025 10-K filing.,"{'ticker': 'CVX', 'filing_year': 2025, 'form_type': '10-K'}","The candidate answer perfectly matches the reference answer, providing the correct divisions (Upstream and Downstream) for Chevron in the specified period (2025).","The answer correctly identifies the two main business segments, Upstream and Downstream, and confirms they apply to the 2025 annual period, as stated in the provided context.",36.685096740722656,0.6206896551724139,1.0,1.0,seeded_prior_advanced
SEC_047,What financial obligation related to opioid settlement agreements did Walmart recognize in fiscal year 2023?,paraphrased,Walmart,WMT,10-Q,2023.0,answer,"During fiscal 2023, Walmart accrued a liability of approximately $3.3 billion for the opioid-related Settlement Framework.",Walmart recognized a financial obligation of approximately $3.3 billion for the opioid settlement agreements and other previously agreed upon state and tribal settlements during fiscal year 2023.,False,1.0,1.0,1.0,7,Walmart WMT opioid settlement financial obligations fiscal year 2023,"{'ticker': 'WMT', 'filing_year': 2023, 'form_type': '10-Q'}","The candidate answer correctly identifies the company (Walmart), the amount ($3.3 billion), the nature of the obligation (opioid settlement agreements/financial obligation), and the fiscal year (2023), matching all key facts in the reference.","The candidate answer accurately states the financial obligation recognized in fiscal year 2023 as approximately $3.3 billion, which is directly supported by Doc 2 and Doc 3.",38.80060863494873,0.6086956521739131,1.0,1.0,seeded_prior_advanced
SEC_048,What was the total size of Walmart's global workforce in the 2025 annual period?,paraphrased,Walmart,WMT,10-K,2025.0,answer,Walmart employed approximately 2.1 million associates.,Insufficient data: The required information could not be found in the retrieved SEC filings. (The context does not contain any information about the total size of Walmart's global workforce for the 2025 annual period. The statement in the answer about 'approximately 0.5 million associates internationally' is not present in the provided documents.),True,0.0,1.0,0.0,7,Walmart Inc. total global workforce size 2025 10-K filing,"{'ticker': 'WMT', 'filing_year': 2025, 'form_type': '10-K'}","The candidate incorrectly states that the data is insufficient for the 2025 period, whereas the reference provides the correct number of 2.1 million associates for that period.",The candidate correctly states that the information about Walmart's global workforce size for the 2025 annual period is not present in the provided context. All claims made by the candidate are accurate and grounded in the lack of information in the context.,75.95402717590332,0.13114754098360656,0.0,0.0,seeded_prior_advanced
SEC_049,How much did Costco generate from all its business activities in the 2025 annual period?,paraphrased,Costco,COST,10-K,2025.0,answer,"Costco's total revenue for fiscal year 2025 was $275,235 million.","Costco generated $275,235 million in total revenue in the 2025 annual period.",False,1.0,1.0,1.0,7,Costco Wholesale Corporation total revenue for fiscal year 2025 10-K filing,"{'ticker': 'COST', 'filing_year': 2025, 'form_type': '10-K'}","The candidate answer perfectly matches the reference answer, providing the correct company, metric, value, and period.","The candidate answer correctly identifies the total revenue for Costco in 2025 as $275,235 million, which is directly stated in the 'Total' section under 'Total revenue' for the year 2025 in Doc 1.",40.88287329673767,0.5599999999999999,1.0,1.0,seeded_prior_advanced
SEC_050,What did Costco collect from its subscription programme during the twelve-week period ending November 2023?,paraphrased,Costco,COST,10-Q,2023.0,answer,"Costco reported membership fee revenue of $1,082 million for the 12 weeks ended November 26, 2023.","Costco collected $1,082 million in Membership fees during the twelve-week period ended November 26, 2023.",False,1.0,1.0,1.0,7,Costco (COST) subscription program revenue for the twelve-week period ending November 2023 10-Q filing.,"{'ticker': 'COST', 'filing_year': 2023, 'form_type': '10-Q'}","The candidate answer perfectly matches the reference answer in terms of company, metric, value, units, and period.","The answer accurately states the membership fees collected by Costco for the specified period, which is directly supported by the 'Membership fees' line item in the 'CONDENSED CONSOLIDATED STATEMENTS OF INCOME' for the '12 Weeks Ended November 26, 2023' in Doc 2.",38.21129631996155,0.5882352941176471,1.0,1.0,seeded_prior_advanced
SEC_056,What share of Nvidia’s total revenue was contributed by its largest segment in the quarter ending April 2025?,reasoning,NVIDIA,NVDA,10-Q,2025.0,answer,Nvidia’s Data Center segment contributed approximately 88.8% of total revenue in the quarter ending April 2025.,"Nvidia's largest segment, Compute & Networking, contributed 89.85% of total revenue in the quarter ending April 2025.

Here's the breakdown:
*   Total revenue for the quarter ending April 27, 2025 (Q1 FY26) was $44,062 million.
*   Compute & Networking revenue for Q1 FY26 was $39,589 million ($80,920 million for six months ended Jul 27, 2025, minus $41,331 million for three months ended Jul 27, 2025).
*   Graphics revenue for Q1 FY26 was $4,473 million ($9,885 million for six months ended Jul 27, 2025, minus $5,412 million for three months ended Jul 27, 2025).

Calculation: ($39,589 million / $44,062 million) * 100 = 89.85%.",False,0.6,0.0,0.75,7,"NVIDIA (NVDA) 10-Q, quarter ending April 2025: largest segment revenue and total net revenue.","{'ticker': 'NVDA', 'filing_year': 2025, 'form_type': '10-Q'}","The candidate correctly identifies the company (Nvidia), the period (quarter ending April 2025), and the largest segment (Compute & Networking, which corresponds to Data Center). However, the percentage value of 89.85% differs from the reference's 88.8%. The numerical difference of 1.05 percentage points is noticeable. While the candidate provides a correct calculation based on its own figures, those figures for the specified quarter are different from the reference's implied data and actual reported Q1 FY26 results.","The candidate answer relies on revenue figures for 'Six Months Ended Jul 27, 2025' ($80,920 million for Compute & Networking and $9,885 million for Graphics) which are not present in the provided context. As a result, the calculated revenue for the quarter ending April 2025 and the final percentage are not grounded in the given information.",81.71827411651611,0.20634920634920634,1.0,1.0,seeded_prior_advanced
SEC_057,"In Nvidia’s fiscal year 2025 10-K, how much larger was the quantified impact of a 0.5% interest rate shift on its investment portfolio than the quantified income impact of a 10% adverse foreign exchange rate change, and why might these quantified market risks still understate Nvidia’s overall exposure based on its Business disclosures?",reasoning,NVIDIA,NVDA,10-K,2025.0,answer,"The interest-rate sensitivity was $109 million larger than the foreign-exchange sensitivity ($238M vs $129M). However, Nvidia notes that U.S. export control restrictions could exclude it from all or part of the China market and other impacted markets, meaning the quantified market-risk sensitivities may understate broader strategic exposure.","In Nvidia’s fiscal year 2025, the quantified impact of a 0.5% interest rate shift on its investment portfolio was $0.2 billion ($200 million), while the quantified income impact of a 10% adverse foreign exchange rate change was $129 million. Therefore, the interest rate shift impact was $71 million larger ($200 million - $129 million).

These quantified market risks might still understate Nvidia’s overall exposure because, as stated in the Business disclosures, other macroeconomic factors such as tariffs, inflation, capital market volatility, global supply chain constraints, and global economic and geopolitical developments have direct and indirect impacts on results of operations, particularly demand for products. These factors are difficult to isolate and quantify, but they impact supply chain and manufacturing costs, employee wages, costs for capital equipment, the value of investments, revenue, and competitive position.",False,0.43,1.0,0.25,7,Nvidia fiscal 2025 10-K: quantify market risk sensitivity to 0.5% interest rate shift on investments and 10% adverse foreign exchange rate change on income.,"{'ticker': 'NVDA', 'filing_year': 2025, 'form_type': '10-K'}","The candidate correctly identified the foreign exchange sensitivity ($129 million) but incorrectly stated the interest rate sensitivity as $200 million instead of $238 million, leading to an incorrect difference ($71 million vs $109 million). For the explanation, the candidate provided a valid and relevant set of macroeconomic factors, but it was not the specific reason (China export controls) mentioned in the reference answer.",All numerical values and explanations are directly extracted or calculated from the provided context for the specified fiscal year.,54.72114181518555,0.22340425531914893,0.0,1.0,seeded_prior_advanced
SEC_058,"For the year ended December 31, 2025, what was the difference in Total Net Revenue between the Consumer & Community Banking (CCB) segment and the segment that contains Markets & Securities Services, and which segment generated more revenue?",reasoning,JPMorgan Chase,JPM,10-K,2025.0,answer,"Consumer & Community Banking generated $34,711M more revenue than Markets & Securities Services in 2025.","For the year ended December 31, 2025, the Commercial & Investment Bank segment generated $2,425 million more in Total Net Revenue than the Consumer & Community Banking (CCB) segment.

*   **Commercial & Investment Bank Total Net Revenue:** $78,454 million
*   **Consumer & Community Banking Total Net Revenue:** $76,029 million",False,0.25,0.2,0.4,7,"JPM Total Net Revenue for Consumer & Community Banking and Markets & Securities Services segments, year ended December 31, 2025, 10-K.","{'ticker': 'JPM', 'filing_year': 2025, 'form_type': '10-K'}","The candidate correctly identified the year (2025) and one of the segments (Consumer & Community Banking). However, it incorrectly compared CCB to the Commercial & Investment Bank segment instead of Markets & Securities Services, leading to an incorrect difference amount and an incorrect determination of which segment generated more revenue.","The candidate correctly identified the Total Net Revenue for the Consumer & Community Banking (CCB) segment as $76,029 million. However, the candidate incorrectly identified the 'Commercial & Investment Bank segment' with the firm's 'Total net revenue' of $78,454 million. This $78,454 million is the total for the entire company, which includes CCB's revenue, making the comparison between two distinct segments flawed. The name 'Commercial & Investment Bank segment' for this figure is also not explicitly grounded in the provided context. If the question intended to compare CCB to the 'Markets & Securities Services' segment itself ($41,318 million), or to the rest of the firm's revenue (Firm Total - CCB = $2,425 million), the difference and which segment generated more would be different.",47.16550540924072,0.30000000000000004,1.0,1.0,seeded_prior_advanced
SEC_059,What was the difference between JPMorgan’s total assets and total liabilities at the end of the quarter ending June 2024?,reasoning,JPMorgan Chase,JPM,10-Q,2024.0,answer,"JPMorgan total assets of $4,143,003M exceeded total liabilities of $3,802,451M by $340,552M (stockholders' equity) as of June 30, 2024.",Insufficient data: The required information could not be found in the retrieved SEC filings. (The provided context does not contain JPMorgan's total assets or total liabilities at the end of the quarter ending June 2024. The numbers in the answer are not grounded in the context.),True,0.0,1.0,0.0,7,"JPMorgan Chase 10-Q total assets and total liabilities for the quarter ending June 30, 2024.","{'ticker': 'JPM', 'filing_year': 2024, 'form_type': '10-Q'}","The candidate answer incorrectly states that the data is insufficient, while the reference provides specific figures for JPMorgan's assets, liabilities, and their difference for the specified period.",The candidate correctly states that the required information (total assets and total liabilities) is not present in the provided context.,72.49422764778137,0.22535211267605634,1.0,0.0,seeded_prior_advanced
SEC_060,"In Bank of America’s fiscal year 2025 results, what percentage of the Corporation’s total net income was consumed by provisions for credit losses?",reasoning,Bank of America,BAC,10-K,2025.0,answer,"Provisions for credit losses of $5,675M represented approximately 18.6% 
of BAC's total net income of $30,509M in fiscal year 2025.","The context does not provide Bank of America's total net income for fiscal year 2025, so the requested percentage cannot be calculated. The provision for credit losses for fiscal year 2025 was $5.7 billion.",False,0.25,0.6,0.33,7,BAC 2025 provisions for credit losses as a percentage of net income.,"{'ticker': 'BAC', 'filing_year': 2025, 'form_type': '10-K'}","The candidate correctly identifies the provision for credit losses ($5.7 billion vs $5,675M) but incorrectly states that the total net income for fiscal year 2025 is not provided, and therefore fails to calculate the requested percentage.","The candidate correctly identified that the total net income for fiscal year 2025 is not provided in the context, making the requested percentage calculation impossible. However, the claim that the provision for credit losses for fiscal year 2025 was $5.7 billion is not supported by the context and is a hallucination. The context only provides provision for credit losses up to nine months ended September 30, 2025, which totals $4.4 billion.",74.6977014541626,0.4,1.0,1.0,seeded_prior_advanced
SEC_061,Did Bank of America report higher total liabilities in the quarter ending September 2025 compared with the previous quarter?,reasoning,Bank of America,BAC,10-Q,2025.0,answer,"No, BAC total liabilities decreased from $3,141,543M (Jun 2025) to $3,099,564M (Sep 2025), a decrease of ~$41,979M","Bank of America reported total liabilities of $3,099,564 million in the quarter ending September 30, 2025. This was lower than the $3,135,817 million reported for the previous quarter ending June 30, 2025.",False,0.75,0.33,0.75,7,BAC Bank of America total liabilities for the quarter ending September 2025 10-Q,"{'ticker': 'BAC', 'filing_year': 2025, 'form_type': '10-Q'}","The candidate correctly answers that total liabilities decreased and provides the correct total liabilities for September 2025. However, the total liabilities reported for June 2025 are incorrect compared to the reference. The magnitude of the decrease is also not explicitly stated.","The total liabilities figure for the quarter ending September 30, 2025 ($3,099,564 million) is not found in the provided context. The total liabilities for the previous quarter ending June 30, 2025 ($3,135,817 million) are correctly derived from Doc 2 (Total liabilities and shareholders’ equity $3,432,734 million - Shareholders’ equity $296,917 million = $3,135,817 million). Since a key figure for the comparison is ungrounded, the overall answer is not fully supported.",77.51875805854797,0.27586206896551724,1.0,1.0,seeded_prior_advanced
SEC_062,"In the third quarter of 2024, what amount of investment gains did Berkshire Hathaway report, and why does the company state that these gains should not be considered meaningful when evaluating the operating performance of its businesses?",reasoning,Berkshire Hathaway,BRK-B,10-Q,2024.0,answer,"Berkshire Hathaway reported about $18.6 billion in unrealized investment gains and approximately $1.9 billion in realized gains in Q3 2024. The company explains that investment gains and losses arise mainly from changes in market prices of equity securities and can cause significant volatility, making them not meaningful for evaluating operating business performance.","The retrieved context does not provide the specific amount of investment gains for Berkshire Hathaway in the third quarter of 2024.

However, the company states that investment gains and losses, whether realized from dispositions or unrealized from changes in market prices, are generally meaningless in understanding its reported periodic results or evaluating the economic performance of its operating businesses.",False,0.33,1.0,0.4,7,Berkshire Hathaway Q3 2024 10-Q investment gains and why they are not indicative of core operating performance.,"{'ticker': 'BRK-B', 'filing_year': 2024, 'form_type': '10-Q'}","The candidate correctly explains why investment gains are not meaningful for evaluating operating performance, covering the source (market price changes) and the conclusion (not meaningful for operating performance). However, it completely misses the specific amounts of investment gains reported by Berkshire Hathaway in Q3 2024, explicitly stating the context does not provide them, which is incorrect based on the reference. It also misses the point about volatility.","The answer correctly states that the specific amount for Q3 2024 is not in the context and accurately provides the company's reasoning for why investment gains are not meaningful, directly from the provided text.",59.10638689994812,0.49557522123893805,1.0,1.0,seeded_prior_advanced
SEC_063,"In 2025, did Berkshire Hathaway generate more in after-tax earnings from its BNSF segment, or from the dividend income generated specifically within its Insurance—Investment Income operations?",reasoning,Berkshire Hathaway,BRK-B,10-K,2025.0,answer,"Berkshire Hathaway generated more in after-tax earnings from its BNSF segment ($5,476 million) than it did from dividend income within its Insurance—Investment Income operations ($5,086 million)","Insufficient data: The required information could not be found in the retrieved SEC filings. (The answer relies on a specific dividend income figure for 2025 ($5,086 million) and an effective income tax rate for 2025 (18.0%) from 'Doc 4', which is not provided in the retrieved context. The provided documents (Doc 1 and Doc 2) do not contain this information, making it impossible to calculate the after-tax earnings as requested.)",True,0.0,1.0,0.0,7,Berkshire Hathaway 2025 10-K: BNSF segment net earnings and Insurance—Investment Income dividend income.,"{'ticker': 'BRK-B', 'filing_year': 2025, 'form_type': '10-K'}","The candidate stated 'Insufficient data' and did not provide any of the figures or the comparison, whereas the reference answer provided specific figures for 2025 and made the comparison.","The candidate correctly identified that the retrieved context does not contain the specific dividend income figure for 2025 within Insurance—Investment Income operations, nor an effective income tax rate for 2025, which are both necessary to answer the question. The explanation accurately points out the missing data points and the absence of 'Doc 4' which the original answer might have relied upon.",64.36334109306335,0.23300970873786406,1.0,0.0,seeded_prior_advanced
SEC_064,"In 2024, what percentage of Johnson & Johnson's total worldwide sales was generated specifically by the Oncology therapeutic area?",reasoning,Johnson & Johnson,JNJ,10-K,2025.0,answer,Approximately 23.4% of  Johnson & Johnson's total worldwide sales was generated by the Oncology therapeutic area,"In 2024, Johnson & Johnson's Oncology therapeutic area generated $20,781 million in sales, which accounted for approximately 23.40% of the company's total worldwide sales of $88,821 million.",False,1.0,1.0,1.0,7,JNJ 2024 10-K total worldwide sales percentage from Oncology therapeutic area,"{'ticker': 'JNJ', 'filing_year': 2025, 'form_type': '10-K'}","The candidate answer correctly states the percentage of sales generated by the Oncology therapeutic area, matching the reference answer exactly. It also provides additional correct context regarding the absolute sales figures.","All numerical values and claims in the candidate answer are directly supported by the provided context. Oncology sales of $20,781 million are from Doc 1. Total worldwide sales of $88,821 million are derived from summing Innovative Medicine sales ($56,964 million) and MedTech sales ($31,857 million) from Doc 2. The percentage calculation is accurate based on these figures.",42.738383531570435,0.5833333333333333,1.0,1.0,seeded_prior_advanced
SEC_065,Did Johnson & Johnson generate a larger share of its first-quarter 2023 revenue from the United States or from international markets and by how much more?,reasoning,Johnson & Johnson,JNJ,10-Q,2023.0,answer,Johnson & Johnson generated a larger share of its first-quarter 2023 revenue from the United States by approximately $0.3 billion.,"Johnson & Johnson generated a larger share of its first-quarter 2023 revenue from the United States with $12,517 million, compared to international markets with $12,229 million, which is $288 million more.",False,1.0,1.0,1.0,7,JNJ Q1 2023 net revenue breakdown: United States versus international markets from 10-Q filing.,"{'ticker': 'JNJ', 'filing_year': 2023, 'form_type': '10-Q'}","The candidate correctly identifies that Johnson & Johnson generated a larger share of its first-quarter 2023 revenue from the United States. It also provides the exact difference of $288 million, which is consistent with the reference's 'approximately $0.3 billion' ($300 million).","All figures and claims in the candidate answer are directly supported by the 'SALES BY GEOGRAPHIC AREA' table in Doc 1 for the fiscal first quarter ended April 2, 2023. The United States revenue was $12,517 million and International revenue was $12,229 million, making the U.S. revenue $288 million more.",39.782724380493164,0.5925925925925926,1.0,1.0,seeded_prior_advanced
SEC_066,"What was UnitedHealth Group's return on assets (ROA) for fiscal year 2025, calculated as net earnings attributable to UnitedHealth Group common shareholders divided by total assets?
",reasoning,UnitedHealth Group,UNH,10-K,2025.0,answer,"UnitedHealth Group's ROA for FY2025 was approximately 3.89%. Net earnings attributable to UHG common shareholders were $12,056M (from the Consolidated Statements of Operations), and total assets were $309,581M (from the Consolidated Balance Sheet). ROA = $12,056M / $309,581M = 3.89%.","Insufficient data: The required information could not be found in the retrieved SEC filings. (The context does not provide the total assets for fiscal year 2025, which is a necessary component for calculating Return on Assets (ROA). While net earnings attributable to UnitedHealth Group common shareholders for the nine months ended September 30, 2025, are available ($12,046 million), the full fiscal year net earnings are not provided, and more critically, the total assets are completely absent from the retrieved documents.)",True,0.0,1.0,0.0,7,"UnitedHealth Group (UNH) fiscal year 2025 return on assets, net earnings attributable to common shareholders, and total assets.","{'ticker': 'UNH', 'filing_year': 2025, 'form_type': '10-K'}","The candidate incorrectly states that the data is insufficient, whereas the reference provides all necessary figures (net earnings and total assets for FY2025) and the correct ROA calculation.","The candidate correctly identifies that the total assets for fiscal year 2025 are not provided in the retrieved documents, which is essential for calculating Return on Assets (ROA). It also accurately notes that while some net earnings data for parts of 2025 is available, the full fiscal year net earnings are not, and critically, total assets are missing.",99.6026918888092,0.272,1.0,0.0,seeded_prior_advanced
SEC_067,"As of March 31, 2025, how many people were served by UnitedHealth Group's Medicare Advantage program, and what was the company's total liability for medical costs payable?",reasoning,UnitedHealth Group,UNH,10-Q,2025.0,answer,"As of March 31, 2025, UnitedHealth Group served 8,245,000 people in its Medicare Advantage program, and reported a total liability of $37,136 million for Medical costs payable.","As of March 31, 2025, UnitedHealth Group's total liability for medical costs payable was $37,136 million. The context does not explicitly state the number of people served by UnitedHealth Group's Medicare Advantage program as of March 31, 2025.",False,0.5,1.0,0.5,7,"UnitedHealth Group UNH Medicare Advantage members and total medical costs payable March 31, 2025 10-Q.","{'ticker': 'UNH', 'filing_year': 2025, 'form_type': '10-Q'}","The candidate correctly provides the total liability for medical costs payable ($37,136 million) but fails to provide the number of people served by the Medicare Advantage program, stating it's not in its context.","The candidate answer correctly identifies the total liability for medical costs payable as $37,136 million from Doc 2. It also correctly states that the context does not explicitly provide the number of people served by UnitedHealth Group's Medicare Advantage program as of March 31, 2025, which is accurate based on the provided documents.",102.82170867919922,0.6197183098591549,1.0,1.0,seeded_prior_advanced
SEC_068,"ExxonMobil reported advantaged upstream volume growth in 2024 driven by regions like the Permian and Guyana. According to the report, what specific acquisition and vessel start-up drove these regional increases, and by how much did worldwide oil-equivalent production rise overall compared with 2023?",reasoning,Exxon Mobil,XOM,10-K,2025.0,answer,"The regional increases were driven by the Pioneer acquisition (in the Permian) and the Prosperity FPSO start-up (in Guyana). Overall, worldwide oil-equivalent production rose by 595 thousand barrels per day compared with 2023.",ExxonMobil's advantaged upstream volume growth in 2024 was driven by the Pioneer acquisition. Worldwide oil-equivalent production for YTD 2024 increased by 534 thousand oil-equivalent barrels per day compared to 2023. The report mentions record production in Guyana as a driver but does not specify a vessel start-up.,False,0.33,0.1,0.6,7,XOM ExxonMobil 2024 advantaged upstream volume growth acquisition and vessel start-up in Permian and Guyana,"{'ticker': 'XOM', 'filing_year': 2025, 'form_type': '10-K'}","The candidate correctly identified the Pioneer acquisition but missed the Prosperity FPSO start-up. The reported worldwide oil-equivalent production increase (534 thousand oil-equivalent barrels per day) is incorrect; the reference states 595 thousand barrels per day. The units and period for the production increase were mostly correct, but the value was wrong.",The candidate answer hallucinates the 'Pioneer acquisition' and the '534 thousand' production increase for 2024. The context does not provide 2024 production data or mention the Pioneer acquisition. The claim about 'record production in Guyana as a driver' is not explicitly stated in the provided context. The only accurate part is that the report does not specify a vessel start-up.,200.80885457992554,0.5116279069767442,1.0,1.0,seeded_prior_advanced
SEC_069,"Using the balance sheet data in the filing, what is ExxonMobil’s current ratio at September 30, 2024?",reasoning,Exxon Mobil,XOM,10-Q,2024.0,answer,"Approximately 1.35, calculated as total current assets of 94,349 million divided by total current liabilities of 69,993 million","ExxonMobil’s current ratio at September 30, 2024, was 1.35. This is calculated by dividing Total current assets ($94,349 million) by Total current liabilities ($69,993 million).",False,1.0,1.0,1.0,7,"ExxonMobil (XOM) current ratio as of September 30, 2024, from 10-Q balance sheet.","{'ticker': 'XOM', 'filing_year': 2024, 'form_type': '10-Q'}","The candidate answer perfectly matches the reference answer, providing the correct current ratio, the correct calculation components with their values, and the correct period.","The candidate correctly identified and used the 'Total current assets' ($94,349 million) and 'Total current liabilities' ($69,993 million) for September 30, 2024, from the provided balance sheet to calculate the current ratio (94,349 / 69,993 = 1.35).",56.92673921585083,0.64,1.0,1.0,seeded_prior_advanced
SEC_070,"Chevron reported lower earnings in one of its business segments in 2024. Based on the discussion in the report, what operational or market factors contributed to this decline?",reasoning,Chevron,CVX,10-K,2025.0,answer,"The $1.8 billion decrease in 2025 U.S. Upstream earnings was primarily driven by lower liquids realizations (which are heavily dependent on global crude oil prices outside the company's control), higher operating expenses, and higher depreciation, depletion, and amortization.",Chevron's Downstream segment reported lower earnings in 2024. This decline was mainly due to:<ul><li>Lower margins on refined product sales.</li><li>Higher operating expenses.</li><li>Lower income from equity affiliates.</li></ul>,False,0.1,1.0,0.33,7,CVX Chevron 2024 factors for decreased operating income in business segments.,"{'ticker': 'CVX', 'filing_year': 2025, 'form_type': '10-K'}","The candidate's answer refers to the Downstream segment in 2024, while the reference discusses the U.S. Upstream segment in 2025. Only one contributing factor ('Higher operating expenses') is common between the two answers, but it's presented in a different context (segment and year). The other two factors are also different.","All claims in the candidate answer are directly supported by the provided context. The Downstream segment's net income decreased from $36,982 million in 2023 to $11,000 million in 2024 (Doc 1). The reasons cited, 'lower margins on refined product sales' and 'higher operating expenses,' are explicitly mentioned in Doc 2 as main contributors to the overall net income decrease, and are relevant to the Downstream segment. Additionally, 'lower income from equity affiliates' for the Downstream segment is supported by Doc 1 ($3,642 million in 2024 vs. $4,272 million in 2023).",99.54910564422607,0.23076923076923075,1.0,1.0,seeded_prior_advanced
SEC_071,"In the first quarter of 2024, did Chevron generate more in U.S. Downstream earnings or in consolidated ‘Other income’?",reasoning,Chevron,CVX,10-Q,2024.0,answer,"Chevron generated more from Other income ($695M) than from U.S. Downstream earnings ($453M), a difference of $242M.","In the first quarter of 2024, Chevron generated $453 million in U.S. Downstream earnings, which was more than the $(521) million reported under 'All Other' income.",False,0.33,1.0,0.33,7,CVX Q1 2024 10-Q U.S. Downstream segment earnings compared to consolidated Other income.,"{'ticker': 'CVX', 'filing_year': 2024, 'form_type': '10-Q'}","The candidate correctly identified the U.S. Downstream earnings figure ($453 million) but provided an incorrect value for 'Other income' ($(521) million vs. $695 million in the reference), leading to an incorrect conclusion about which segment generated more.","All numbers and claims in the candidate answer are directly supported by the provided context from Doc 1. U.S. Downstream earnings for Q1 2024 were $453 million, and 'All Other' income was $(521) million (calculated as -109 + 85 - 497).",63.03631901741028,0.4888888888888889,0.0,1.0,seeded_prior_advanced
SEC_072,Walmart's operating income increased in fiscal 2024. Which specific restructuring charges referenced in the report explain part of this improvement and which businesses were associated with them?,reasoning,Walmart,WMT,10-K,2024.0,answer,"The improvement was partly due to lapping $0.8 billion in reorganization and restructuring charges recorded in fiscal 2023, which were associated with the Flipkart and Massmart businesses in the Walmart International segment.",Part of the improvement in Walmart's operating income in fiscal 2024 is explained by lapping $0.8 billion in reorganization and restructuring charges incurred in the prior year (fiscal 2023). These charges were associated with certain businesses in the Walmart International segment.,False,0.6,1.0,0.6,7,"Walmart WMT fiscal 2024 operating income, restructuring charges, and associated business impacts.","{'ticker': 'WMT', 'filing_year': 2024, 'form_type': '10-K'}","The candidate correctly identifies the amount ($0.8 billion), type (reorganization and restructuring charges), and period (fiscal 2023) of the charges. However, it fails to name the specific businesses (Flipkart and Massmart) associated with these charges, only mentioning the broader segment (Walmart International segment).","The candidate answer accurately states that the improvement in operating income in fiscal 2024 was partly due to lapping $0.8 billion in reorganization and restructuring charges from the prior year (fiscal 2023), which were associated with certain businesses in the Walmart International segment. This information is directly supported by Doc 1 and Doc 2.",72.79919672012329,0.6315789473684211,1.0,1.0,seeded_prior_advanced
SEC_073,"Why did Walmart’s consolidated net income increase significantly in the quarter ended October 31, 2024 compared with the prior-year quarter, particularly in relation to the “Other (gains) and losses” line item?",reasoning,Walmart,WMT,10-Q,2025.0,answer,"The increase was largely due to a much smaller loss in the ""Other (gains) and losses"" line item. In the 2023 quarter, Walmart recorded a $4,750 million loss largely driven by a $4.2 billion decline in the fair value of equity investments, whereas the loss in 2024 was only $132 million.","Insufficient data: The required information could not be found in the retrieved SEC filings. (The question asks for data for the quarter ended October 31, 2024, but the provided context only contains financial statements up to October 31, 2023.)",True,0.0,1.0,0.0,7,"WMT Walmart consolidated net income and Other (gains) and losses for the quarter ended October 31, 2024 10-Q","{'ticker': 'WMT', 'filing_year': 2025, 'form_type': '10-Q'}","The candidate correctly identifies that the question asks for data for the quarter ended October 31, 2024, which is future data and thus not available in current SEC filings. However, the reference answer provides specific financial figures and an explanation for this period. Since the candidate did not provide any of the specific details or the explanation present in the reference, it receives a score of 0.","The candidate answer correctly identifies that the provided context only contains financial statements up to October 31, 2023, and therefore cannot answer a question about the quarter ended October 31, 2024.",152.7307152748108,0.2391304347826087,1.0,0.0,seeded_prior_advanced
SEC_074,"In the 12 weeks ended February 16, 2025, did Costco’s U.S. segment operating income exceed the company’s total net income?",reasoning,Costco,COST,10-Q,2025.0,answer,"No, Costco's U.S. segment operating income ($1,515 million) did not exceed the company's total net income ($1,788 million)","Insufficient data: The required information could not be found in the retrieved SEC filings. (The provided context does not contain the U.S. segment operating income or the company's total net income for the 12 weeks ended February 16, 2025. The net income is provided for the 24 weeks ended February 16, 2025, and segment operating income is provided for different 12-week periods (e.g., May 11, 2025).)",True,0.0,1.0,0.0,7,"Costco U.S. segment operating income versus total net income for 12 weeks ended February 16, 2025 10-Q.","{'ticker': 'COST', 'filing_year': 2025, 'form_type': '10-Q'}","The candidate incorrectly stated that the data was insufficient, while the reference answer provided the correct comparison and specific financial figures for the requested period.","The candidate correctly identified that the necessary data (U.S. segment operating income and total net income for the 12 weeks ended February 16, 2025) is not available in the provided context. The context provides net income for the 24 weeks ended February 16, 2025, and segment operating income for different 12-week periods.",77.64217877388,0.2580645161290323,0.0,0.0,seeded_prior_advanced
SEC_075,"In the quarter ended November 2024, did Costco generate more income from membership fees or from gross merchandise margin?",reasoning,Costco,COST,10-Q,2024.0,answer,"Costco generated more income from gross merchandise margin ($6,876 million) than from membership fees ($1,166 million).","In the quarter ended November 24, 2024, Costco generated $6,876 million from gross margin and $1,166 million from membership fees. Therefore, Costco generated more income from gross merchandise margin.",False,1.0,1.0,1.0,7,Costco 10-Q income from membership fees versus gross merchandise margin for quarter ended November 2024.,"{'ticker': 'COST', 'filing_year': 2024, 'form_type': '10-Q'}","The candidate correctly identifies both financial figures, their units, and accurately concludes which one is larger for the specified period. The slight difference in the date (November 24, 2024 vs November 2024) is minor and does not affect the correctness of the financial data or comparison.",All claims and numbers in the candidate answer are directly supported by the provided context. The membership fees and gross margin for the specified quarter are correctly identified and compared.,42.652262449264526,0.6938775510204082,0.0,1.0,seeded_prior_advanced
SEC_081,What internal machine learning models does Nvidia use to design GPUs?,adversarial,NVIDIA,NVDA,,,refuse,,The provided context does not contain information about the internal machine learning models Nvidia uses to design GPUs.,False,,1.0,,7,Nvidia's internal machine learning models for GPU architecture and chip design.,"{'ticker': 'NVDA', 'filing_year': None, 'form_type': nan}",,"The candidate correctly states that the provided context does not contain information about the internal machine learning models Nvidia uses to design GPUs. The context discusses Nvidia's AI tools and platforms, but not their internal use for GPU design.",104.29112243652344,,,0.0,seeded_prior_advanced
SEC_082,What internal AI system does Nvidia use for training its chip design models?,adversarial,NVIDIA,NVDA,,,refuse,,"The provided context does not contain information about an internal AI system that Nvidia uses for training its chip design models. The documents describe Nvidia's end-to-end accelerated computing platform for AI, including products and services like DGX Cloud, NVIDIA AI Enterprise, NVIDIA NIM, and NeMo, which are offered to customers for AI training and inferencing.",False,,1.0,,7,Nvidia investments in AI compute infrastructure for chip design model training,"{'ticker': 'NVDA', 'filing_year': None, 'form_type': nan}",,"The candidate correctly states that the context does not contain information about an internal AI system Nvidia uses for training its chip design models. It accurately identifies the mentioned products and services (DGX Cloud, NVIDIA AI Enterprise, NVIDIA NIM, NeMo) as being offered to customers, which is consistent with the context.",95.02790451049805,,,0.0,seeded_prior_advanced
SEC_083,What internal fraud detection algorithm accuracy rate does JPMorgan report?,adversarial,JPMorgan,JPM,,,refuse,,The provided context does not contain information about JPMorgan's internal fraud detection algorithm accuracy rate.,False,,1.0,,7,JPMorgan Chase fraud detection algorithm accuracy and false positive rates.,"{'ticker': 'JPM', 'filing_year': None, 'form_type': nan}",,The candidate correctly states that the information about JPMorgan's internal fraud detection algorithm accuracy rate is not present in the provided context.,92.73847484588623,,,0.0,seeded_prior_advanced
SEC_084,How many cybersecurity incidents did JPMorgan experience internally last year?,adversarial,JPMorgan,JPM,,,refuse,,The provided context does not state the number of cybersecurity incidents JPMorgan experienced internally last year.,False,,1.0,,7,JPMorgan Chase & Co. fiscal year 2023 cybersecurity breaches and incidents.,"{'ticker': 'JPM', 'filing_year': None, 'form_type': nan}",,"The candidate correctly states that the provided context does not contain the number of cybersecurity incidents JPMorgan experienced internally last year. The context discusses cybersecurity risks, management, and past breaches but does not provide a specific count for any period.",89.46558785438538,,,0.0,seeded_prior_advanced
SEC_085,What internal AI trading algorithm does Bank of America use for investments?,adversarial,Bank of America,BAC,,,refuse,,"The provided context does not contain information about a specific internal AI trading algorithm that Bank of America uses for investments. The filings generally discuss the use of AI and machine learning across operations, including in electronic trading and algorithmic platforms, and the associated risks.",False,,1.0,,7,Bank of America (BAC) AI trading algorithm investments and strategies.,"{'ticker': 'BAC', 'filing_year': None, 'form_type': nan}",,"The candidate answer correctly states that the context does not provide information about a specific internal AI trading algorithm used by Bank of America, which is accurate. It also correctly summarizes that the filings discuss the general use of AI and machine learning in operations, including trading, and associated risks, which is supported by the context.",97.69262909889221,,,0.0,seeded_prior_advanced
SEC_086,What percentage of Bank of America employees work from home globally?,adversarial,Bank of America,BAC,,,refuse,,Insufficient data: The required information could not be found in the retrieved SEC filings. (The context mentions 'remote work' as a factor impacting employee retention but does not provide any data on the percentage of employees working from home globally.),True,,0.6,,7,Bank of America (BAC) percentage of global workforce working remotely,"{'ticker': 'BAC', 'filing_year': None, 'form_type': nan}",,"The candidate correctly states that the information is insufficient and that the context does not provide data on the percentage of employees working from home globally. However, it incorrectly claims that the context mentions 'remote work' as a factor impacting employee retention, which is a hallucination as this is not present in the provided documents.",104.3874249458313,,,0.0,seeded_prior_advanced
SEC_087,What internal leadership training program does Berkshire Hathaway use for managers?,adversarial,Berkshire Hathaway,BRK-B,,,refuse,,The provided context does not contain information about an internal leadership training program Berkshire Hathaway uses for managers.,False,,1.0,,7,"Berkshire Hathaway human capital management, leadership development, and management training initiatives.","{'ticker': 'BRK-B', 'filing_year': None, 'form_type': nan}",,"The candidate correctly states that the provided context does not contain information about an internal leadership training program for Berkshire Hathaway managers. The context discusses FlightSafety training programs, which are for flight simulation and offered to external entities, not internal management training.",70.9590802192688,,,0.0,seeded_prior_advanced
SEC_088,What internal productivity metrics does Berkshire Hathaway use for its subsidiaries?,adversarial,Berkshire Hathaway,BRK-B,,,refuse,,"The provided context does not specify the internal productivity metrics that Berkshire Hathaway uses for its subsidiaries. It states that ""Consistent with Berkshire’s decentralized management philosophy, Berkshire’s operating businesses individually establish specific policies and practices concerning the attraction and retention of personnel within their organizations. Given the wide variations in the nature and size of business activities, specific policies and practices may vary widely among Berkshire’s operating subsidiaries."" This implies that such metrics would be determined by each subsidiary rather than centrally by Berkshire Hathaway.",False,,1.0,,7,"Berkshire Hathaway subsidiaries' operational efficiency, productivity, and performance metrics.","{'ticker': 'BRK-B', 'filing_year': None, 'form_type': nan}",,The candidate correctly states that the context does not specify internal productivity metrics and accurately cites the decentralized management philosophy from the context to explain why such metrics would be determined by individual subsidiaries.,87.37491464614868,,,0.0,seeded_prior_advanced
SEC_089,What percentage of Johnson & Johnson employees work remotely?,adversarial,Johnson & Johnson,JNJ,,,refuse,,Insufficient data: The required information could not be found in the retrieved SEC filings. (The context mentions that Johnson & Johnson uses a hybrid model for remote work but does not provide any specific percentage of employees who work remotely.),True,,1.0,,7,Johnson & Johnson remote employee percentage,"{'ticker': 'JNJ', 'filing_year': None, 'form_type': nan}",,The candidate correctly states that the information is not available in the provided context. The context mentions a hybrid model but no specific percentage of employees working remotely.,88.14621829986572,,,0.0,seeded_prior_advanced
SEC_090,What internal patient satisfaction score is reported for Johnson & Johnson hospitals?,adversarial,Johnson & Johnson,JNJ,,,refuse,,The provided context does not contain information about an internal patient satisfaction score for Johnson & Johnson hospitals.,False,,1.0,,7,Johnson & Johnson disclosure of internal hospital patient satisfaction scores.,"{'ticker': 'JNJ', 'filing_year': None, 'form_type': nan}",,"The candidate correctly states that the information about internal patient satisfaction scores for Johnson & Johnson hospitals is not present in the provided context. The context discusses financial performance, market indices, and internal controls, but not patient satisfaction.",96.50013279914856,,,0.0,seeded_prior_advanced
SEC_091,What internal AI system does UnitedHealth use for processing insurance claims?,adversarial,UnitedHealth,UNH,,,refuse,,"The provided context does not specify the name of an internal AI system UnitedHealth uses for processing insurance claims. It generally mentions the use of systems powered by or incorporating artificial intelligence and machine learning (AI/ML) in their health, wellness, and information technology products and data systems.",False,,1.0,,7,UnitedHealth Group (UNH) application of artificial intelligence in insurance claims processing.,"{'ticker': 'UNH', 'filing_year': None, 'form_type': nan}",,The candidate answer accurately states that the context does not provide the specific name of an AI system for processing insurance claims and correctly summarizes the general mention of AI/ML systems in the provided documents.,90.0981216430664,,,0.0,seeded_prior_advanced
SEC_092,What percentage of UnitedHealth employees work remotely worldwide?,adversarial,UnitedHealth,UNH,,,refuse,,"The provided context does not contain information on the percentage of UnitedHealth employees who work remotely worldwide. While it mentions the increased availability of hybrid or remote working arrangements, it does not provide a specific percentage.",False,,0.0,,7,UnitedHealth Group (UNH) percentage of global employees working remotely.,"{'ticker': 'UNH', 'filing_year': None, 'form_type': nan}",,The provided context does not contain information on the percentage of UnitedHealth employees who work remotely worldwide. It only mentions the increased availability of hybrid or remote working arrangements without providing any specific numbers or percentages.,85.08444690704346,,,0.0,seeded_prior_advanced
SEC_093,What percentage of Exxon employees work remotely worldwide?,adversarial,Exxon Mobil,XOM,,,refuse,,The provided context does not contain information about the percentage of Exxon employees who work remotely worldwide.,False,,1.0,,7,ExxonMobil global remote workforce percentage,"{'ticker': 'XOM', 'filing_year': None, 'form_type': nan}",,"The provided context does not contain any information about the percentage of Exxon employees who work remotely worldwide, making the candidate's answer accurate and fully grounded.",63.9777250289917,,,0.0,seeded_prior_advanced
SEC_094,What internal AI systems does Exxon use for oil exploration modelling?,adversarial,Exxon Mobil,XOM,,,refuse,,"The provided context describes the use of seismic processing software, reservoir modeling and simulation software, and data analysis packages for interpreting data to establish proved reserves additions. However, it does not explicitly state that these are ""internal AI systems"" used for oil exploration modeling.",False,,1.0,,7,ExxonMobil artificial intelligence applications in hydrocarbon exploration and reservoir modeling.,"{'ticker': 'XOM', 'filing_year': None, 'form_type': nan}",,The candidate answer accurately identifies the tools mentioned in the context and correctly states that the context does not specify them as 'internal AI systems' or explicitly use the term 'oil exploration modeling' in conjunction with AI.,63.05483913421631,,,0.0,seeded_prior_advanced
SEC_095,What internal productivity metrics does Chevron track for engineers?,adversarial,Chevron,CVX,,,refuse,,The provided context does not contain information about the internal productivity metrics Chevron tracks for engineers.,False,,1.0,,7,"Chevron (CVX) operational efficiency, production costs, capital expenditures, and engineering productivity.","{'ticker': 'CVX', 'filing_year': None, 'form_type': nan}",,"The candidate correctly states that the provided context does not contain information about the internal productivity metrics Chevron tracks for engineers, which is accurate as the documents focus on production numbers, acquisitions, and risk factors.",66.29464101791382,,,0.0,seeded_prior_advanced
SEC_096,What internal AI system does Chevron use for drilling optimisation?,adversarial,Chevron,CVX,,,refuse,,"The provided context does not contain information about a specific internal AI system Chevron uses for drilling optimization. While the filings mention Chevron applying artificial intelligence (AI) to drive productivity, efficiency, and value to its global operations, and working with external partners for AI solutions, no specific internal system for drilling optimization is named.",False,,1.0,,7,Chevron artificial intelligence systems for drilling optimization,"{'ticker': 'CVX', 'filing_year': None, 'form_type': nan}",,"The candidate answer correctly states that the provided context does not contain information about a specific internal AI system Chevron uses for drilling optimization. The context mentions Chevron uses AI generally and works with external partners, but no specific system is named.",60.8347008228302,,,0.0,seeded_prior_advanced
SEC_097,What percentage of Walmart employees work remotely worldwide?,adversarial,Walmart,WMT,,,refuse,,The provided context does not contain information about the percentage of Walmart employees who work remotely worldwide.,False,,1.0,,7,Walmart global remote employee percentage,"{'ticker': 'WMT', 'filing_year': None, 'form_type': nan}",,The candidate correctly states that the information about the percentage of Walmart employees working remotely worldwide is not present in the provided context.,62.331682205200195,,,0.0,seeded_prior_advanced
SEC_098,What internal robot efficiency metrics does Walmart report for its warehouses?,adversarial,Walmart,WMT,,,refuse,,"The provided context does not contain information about Walmart's internal robot efficiency metrics for its warehouses. While the company mentions investing in ""supply chain automation"" and ""technology and process improvements to increase productivity,"" it does not report specific metrics related to robot efficiency.",False,,0.9,,7,Walmart WMT warehouse automation robot efficiency and productivity metrics.,"{'ticker': 'WMT', 'filing_year': None, 'form_type': nan}",,"The answer correctly states that no specific robot efficiency metrics are reported in the context. It also correctly identifies that the company mentions investing in 'technology and process improvements to increase productivity'. However, the phrase 'supply chain automation' is not explicitly mentioned in the provided context.",68.56008696556091,,,0.0,seeded_prior_advanced
SEC_099,What percentage of Costco warehouses are fully automated?,adversarial,Costco,COST,,,refuse,,The provided context does not contain information about the percentage of Costco warehouses that are fully automated.,False,,1.0,,7,Costco fully automated warehouse percentage,"{'ticker': 'COST', 'filing_year': None, 'form_type': nan}",,The candidate correctly states that the information about the percentage of fully automated Costco warehouses is not present in the provided context.,55.644370794296265,,,0.0,seeded_prior_advanced
SEC_100,What internal AI system does Costco use for inventory forecasting?,adversarial,Costco,COST,,,refuse,,"The provided context does not specify what internal AI system Costco uses for inventory forecasting. It mentions that IT systems are utilized to ""track and value our inventory and produce reports critical for making business decisions"" and refers to ""evolving rules concerning artificial intelligence,"" but does not name a specific AI system for inventory forecasting.",False,,0.67,,7,Details on Costco's internal artificial intelligence systems for inventory forecasting and supply chain management.,"{'ticker': 'COST', 'filing_year': None, 'form_type': nan}",,"The answer correctly states that the context does not specify an internal AI system for inventory forecasting and accurately quotes the context regarding IT systems tracking inventory. However, it hallucinates the claim that the context refers to 'evolving rules concerning artificial intelligence'.",69.1382827758789,,,0.0,seeded_prior_advanced
