question_id,question,question_type,expected_decision,expected_answer,predicted_answer,refused,correctness,faithfulness,claims_covered,n_chunks,rewritten_query,metadata,corr_explanation,faith_explanation
SEC_006,What was Nvidia's gross margin percentage in fiscal year 2024?,extractive,ANSWER,"Nvidia's gross margin was 72.7% in FY2024, up from 56.9% in FY2023.",Nvidia's gross margin percentage in fiscal year 2024 was 72.7%.,False,1.0,0.0,0.67,5,Nvidia gross margin percentage FY2024,"{'ticker': 'NVDA', 'filing_year': 2024, 'form_type': '10-K'}","The candidate answer correctly states Nvidia's gross margin percentage in fiscal year 2024 as 72.7%, matching the reference answer. However, it does not mention the comparison to the previous year's gross margin percentage, which is mentioned in the reference answer.","The candidate answer contains a number (72.7%) not present in the context. The context only provides gross margin percentages for the first quarter and third quarter of fiscal year 2024, which are 64.6% and 74.0%, respectively."
SEC_010,What were Bank of America's Total liabilities as of September 2025?,extractive,ANSWER,"Bank of America's total liabilities as of September 30, 2025 were $3,099,564 million.","Insufficient data: The required information could not be found in the retrieved SEC filings. (The retrieved filings (10-Q and 10-K) do not explicitly disclose Bank of America's Total liabilities as of September 2025. The provided context includes capital composition tables, risk-weighted assets, and debt issuance details, but no direct or calculable metric for total liabilities exists in the given text. Total liabilities would require balance sheet data (e.g., deposits, borrowings, equity) not present in the retrieved chunks.)",True,0.0,1.0,0.0,5,Bank of America Total liabilities as of 2025-09,"{'ticker': 'BAC', 'filing_year': 2025, 'form_type': '10-Q'}","The candidate answer states insufficient data and does not provide the correct value, units, or period. The reference answer explicitly provides Bank of America's total liabilities ($3,099,564 million) as of September 30, 2025, which is not acknowledged or approximated in the candidate response.","The candidate answer correctly identifies that the retrieved filings do not contain Bank of America's Total liabilities as of September 2025. The context includes capital composition tables, risk-weighted assets, and debt issuance details, but no balance sheet metric for total liabilities. The answer avoids making unsupported claims or fabricating numbers."
SEC_016,What was UnitedHealth Group's medical care ratio for the three months ended June 2024?,extractive,ANSWER,"UnitedHealth Group's medical care ratio (MCR) for the three months ended June 30, 2024 was 85.1%, up from 83.2% in Q2 2023, an increase of 1.9 percentage points.",Insufficient data: The required information could not be found in the retrieved SEC filings. (The retrieved documents do not explicitly state UnitedHealth Group's medical care ratio for the three months ended June 2024. Doc 1 (10-Q 2024-11-04) mentions a medical care ratio of 85.2% but does not specify the period (likely September 2024). Doc 3 (10-Q 2024-08-09) covers the June 2024 quarter but lacks the medical care ratio metric. No repairable error exists; the required data is absent.),True,0.0,1.0,0.0,5,UnitedHealth Group medical care ratio Q2 2024,"{'ticker': 'UNH', 'filing_year': 2024, 'form_type': '10-Q'}","The candidate answer correctly identifies that the required data is absent in the retrieved documents but does not provide the correct value (85.1%) from the reference answer. Since the candidate explicitly states 'insufficient data' instead of attempting to provide an answer, it receives a score of 0. No facts from the reference are present in the candidate response.","The candidate answer correctly identifies that the retrieved filings do not explicitly state UnitedHealth Group's medical care ratio for the three months ended June 2024. Doc 1 (10-Q 2024-11-04) references a medical care ratio of 85.2% but does not specify the period, while Doc 3 (10-Q 2024-08-09) covers the June 2024 quarter but omits the metric. The answer avoids making unsupported claims and accurately reflects the absence of required data."
SEC_018,How many oil-equivalent barrels per day did ExxonMobil produce in fiscal year 2023?,extractive,ANSWER,"ExxonMobil produced 3,738 thousand oil-equivalent barrels per day","Insufficient data: The required information could not be found in the retrieved SEC filings. (The retrieved context does not explicitly state ExxonMobil’s total oil-equivalent barrels per day for fiscal year 2023. The documents provide quarterly and year-to-date figures (e.g., 3.7 million as of Q3 2023) but no annual total. No filing contains a full fiscal year 2023 production figure.)",True,0.0,1.0,0.0,5,ExxonMobil oil-equivalent barrels per day production FY2023,"{'ticker': 'XOM', 'filing_year': 2023, 'form_type': '10-K'}","The candidate answer correctly identifies that the required data (annual total for fiscal year 2023) is missing from the retrieved SEC filings. However, it does not provide the correct value from the reference answer (3,738 thousand barrels per day). Since the candidate explicitly states the information is unavailable rather than attempting to infer or approximate it, no partial credit is awarded.","The candidate answer correctly identifies that the retrieved filings do not explicitly state ExxonMobil’s total oil-equivalent barrels per day for fiscal year 2023. The context provides quarterly (e.g., 3.6 million in 2Q 2023, 3.8 million in 1Q 2023) and year-to-date (3.7 million as of YTD 2023) figures but no annual total. The answer accurately notes the absence of a full fiscal year 2023 production figure in the provided documents."
SEC_024,What was Costco’s total revenue reported in fiscal year 2025?,extractive,ANSWER,"Costco's total revenue for fiscal year 2025 was $275,235 million.","<think>
Okay, let's tackle this question: ""What was Costco’s total revenue reported in fiscal year 2025?"" 

First, I need to look through the retrieved documents to find the relevant information. The user provided five documents, mostly 10-Q and 10-K filings. 

Starting with Doc 3, which is the 10-K filed on 2025-10-08. The 10-K usually contains the annual report, so this might have the fiscal year 2025 total revenue. Looking at the content, there's a table under ""Disaggregated Revenue"" that shows total net sales for 2025 as $269,912 million. But wait, the question is about total revenue, not net sales. However, in the same Doc 3, under the segments, there's a line for ""Total revenue"" for the year 2025 as $275,235 million. That seems to be the total revenue figure.

Let me cross-check. In Doc 1 (10-Q for 2025-06-05), there are quarterly numbers but not the full fiscal year. The 12 weeks and 36 weeks ended May 11, 2025, but the full fiscal year 2025 would be 52 weeks ending September 1, 2025. However, Doc 3 is the 10-K for the fiscal year ended September 1, 2024, but wait, the user mentioned Doc 3 is for 2025-10-08. Wait, Costco's fiscal years might be different. Let me check the dates again.

Wait, the 10-K in Doc 3 is for the fiscal year ended September 1, 2024, but the document is filed in 2025. The content shows data for 2025, 2024, and 2023. For example, under the ""Total revenue"" line, 2025 is $275,235 million, 2024 is $254,453 million, and 2023 is $242,290 million. Since the question is about fiscal year 2025, that would be the $275,235 million. 

I should confirm that fiscal year 2025 is indeed the one reported in Doc 3. The 10-K for 2025 would typically cover the fiscal year ending in September 2025, but the document here is filed on 2025-10-08, which would be after the fiscal year end. The data in Doc 3 shows 2025 as the latest year, so that's correct. 

Other documents like Doc 2 and Doc 5 are 10-Qs for quarters in 2025, but they don't cover the full fiscal year. Doc 4 is also a 10-Q and doesn't have the annual total. Therefore, the correct figure is from Doc 3, which states total revenue for 2025 as $275,235 million.
</think>

Reference answer: Costco's total revenue for fiscal year 2025 was $275,235 million.  
Evidence: Total revenue $275,235 (2025), $254,453 (2024), and $242,290 (2023) are explicitly reported in the 10-K filing (Doc 3).  

**Step-by-Step Explanation:**  
1. **Identify Relevant Filing:** The 10-K filing (Doc 3) for Costco Wholesale Corp. filed on 2025-10-08 contains consolidated financial data for fiscal years 2025, 2024, and 2023.  
2. **Locate Total Revenue Line Item:** Under the ""Total revenue"" row in the segments table, fiscal year 2025 total revenue is explicitly stated as **$275,235 million**.  
3. **Cross-Check Context:** The 10-K provides a 52-week fiscal year ending September 1, 2025 (aligned with Costco’s fiscal calendar), confirming the figure corresponds to the full fiscal year 2025.  
4. **Exclude Quarterly Data:** Other documents (10-Q filings) only report quarterly or partial-year data and do not supersede the annual total provided in the 10-K.  

No estimation or inference is required, as the answer is directly stated in the filing.",False,0.0,1.0,0.0,5,Costco total revenue fiscal year 2025,"{'ticker': 'COST', 'filing_year': 2025, 'form_type': '10-K'}","The candidate answer is completely missing. The reference answer provides Costco's total revenue for fiscal year 2025 as $275,235 million. Since no value, units, or period are present in the candidate response, no partial credit is awarded.","The candidate answer correctly cites the $275,235 million total revenue figure for fiscal year 2025 from Doc 3 (COST_10-K_2025-10-08), which explicitly reports this number in the 'Total revenue' row of the segments table. No numbers or claims in the answer are hallucinated, as the figure is directly stated in the retrieved context."
SEC_033,What Common Equity Tier 1 capital ratio did JPMorgan report at the end of fiscal year 2023?,paraphrased,ANSWER,"JPMorgan's Standardized and Advanced CET1 capital ratios were both 15.0% at end of FY2023, with CET1 capital of $251 billion.","<think>
Okay, let's tackle this question about JPMorgan's Common Equity Tier 1 (CET1) capital ratio at the end of fiscal year 2023. First, I need to figure out which document provides the correct data. The user is asking for the CET1 ratio specifically for the end of fiscal year 2023. 

Looking at the retrieved contexts, there are several filings: 10-Qs from 2023 and a 10-K from 2024. The fiscal year-end for JPMorgan is typically December 31st. So, the 10-K filing from February 16, 2024 (Doc 2 and Doc 3) would cover the fiscal year ended December 31, 2023. The 10-Qs are for quarterly periods, so Doc 1 is for Q1 2023 (ended March 31, 2023), Doc 4 is for Q3 2023 (ended September 30, 2023), and Doc 5 also seems to be Q3 2023.

In Doc 3 (part of the 10-K), under the Risk-based capital metrics, there's a table with data for December 31, 2023. The CET1 capital ratio is listed as 15.0% under the Standardized column. The Capital ratio requirements show the applicable requirements, but the actual ratio is 15.0%. 

I need to confirm that this is the correct figure. The question is about the end of fiscal year 2023, which is December 31, 2023. The 10-K filing from 2024 would include the annual results, so Doc 3's data for December 31, 2023, is the right one. The other documents are either quarterly or for previous periods. 

Therefore, the answer should be 15.0%.
</think>

Reference answer: JPMorgan reported a Common Equity Tier 1 (CET1) capital ratio of 15.0% at the end of fiscal year 2023.  
Evidence: **CET1 capital ratio 15.0%** (Standardized column for December 31, 2023, in Doc 3).  

**Step-by-Step Explanation:**  
1. **Identify Fiscal Year-End Date:** JPMorgan’s fiscal year ends on December 31. The question asks for the CET1 ratio at the end of fiscal year 2023, i.e., December 31, 2023.  
2. **Locate Relevant Filing:** The 2023 fiscal year data is included in the 2024 10-K filing (Doc 3), which covers the period up to December 31, 2023.  
3. **Extract CET1 Ratio:** In Doc 3’s ""Risk-based capital metrics"" table, under the **Standardized** column for December 31, 2023, the CET1 capital ratio is explicitly stated as **15.0%**.  

This matches the regulatory disclosure for the full fiscal year 2023.",False,1.0,1.0,1.0,5,Common Equity Tier 1 Capital Ratio JPMorgan 10-K 2023 13.4,"{'ticker': 'JPM', 'filing_year': 2023, 'form_type': '10-K'}","The candidate answer correctly states the CET1 capital ratio (15.0%) and period (end of FY2023). The reference answer includes an additional detail about CET1 capital ($251 billion), but the question only asks for the ratio. Since the candidate answer matches the required value, units, and period, it is fully correct.","The candidate answer correctly cites the 15.0% CET1 capital ratio from Doc 3's December 31, 2023, data in the 10-K filing. This matches the exact figure in the context and aligns with the fiscal year-end requirement."
SEC_039,How much revenue did Johnson & Johnson generate during the first three quarters of fiscal year 2025?,paraphrased,ANSWER,"Johnson & Johnson's total sales for the nine months ended September 28, 2025 were $69,629 million.","Insufficient data: The required information could not be found in the retrieved SEC filings. (The retrieved context does not explicitly state Johnson & Johnson’s total revenue for the first three quarters of fiscal year 2025. The provided filings focus on net earnings, comprehensive income, and specific expenses but omit consolidated revenue figures for the periods in question.)",True,0.0,1.0,0.0,5,net revenue Johnson & Johnson 2025 Q1-Q3,"{'ticker': 'JNJ', 'filing_year': 2025, 'form_type': '10-Q'}","The candidate answer incorrectly claims insufficient data despite the reference answer providing a specific revenue figure ($69,629 million) for the nine months ended September 28, 2025. The candidate failed to identify or report the correct value, units, and period.","The candidate answer correctly identifies that the retrieved filings do not contain revenue figures for the first three quarters of fiscal year 2025. The context explicitly provides net earnings and comprehensive income but omits revenue data, aligning with the answer's conclusion."
SEC_041,What proportion of premium revenue did UnitedHealth Group spend on medical care in the quarter ending June 2024?,paraphrased,ANSWER,"UnitedHealth Group's medical care ratio (MCR) for the three months ended June 30, 2024 was 85.1%, up from 83.2% in Q2 2023, an increase of 1.9 percentage points.","<think>
Okay, let's see. The user is asking about the proportion of premium revenue that UnitedHealth Group spent on medical care in the quarter ending June 2024. 

First, I need to look through the retrieved documents to find the relevant information. The key term here is ""Medical care ratio"" or MCR, as mentioned in the examples. The user wants to know what percentage of premium revenue was allocated to medical care.

Looking at Doc 1, which is the 10-Q filing for 2024-11-04, there's a section with ""Medical care ratio (a)"" listed as 85.2%. The note (a) explains that MCR is calculated as medical costs divided by premium revenue. However, this document's date is November 2024, but the question is about the quarter ending June 2024. Wait, the 10-Q filings are for quarterly periods. The 10-Q for August 2024 (Doc 2) would cover Q2, which ends June 30. Let me check Doc 2.

In Doc 2, the filing date is 2024-08-09, which is the 10-Q for the quarter ended June 30, 2024. The Medical care ratio (a) here is 85.1%. That's the figure we need because it corresponds to the quarter ending June 2024. 

So, the answer should be 85.1%, as that's the MCR for the quarter in question. The calculation is already provided in the document, so I just need to reference that percentage. The evidence is in Doc 2 under the Medical care ratio line.
</think>

Reference answer: UnitedHealth Group spent 85.1% of premium revenue on medical care in the quarter ending June 2024.  
Evidence: Medical care ratio (a) 85.1% (Doc 2: UNITEDHEALTH GROUP INC | Filing: UNH_10-Q_2024-08-09).  

**Explanation**:  
The ""Medical care ratio (MCR)"" is explicitly defined as *medical costs divided by premium revenue*. In Doc 2 (covering the quarter ended June 30, 2024), the MCR is reported as **85.1%**, meaning 85.1% of premium revenue was allocated to medical care costs during that period.",False,1.0,1.0,1.0,5,premium revenue medical care expense proportion UnitedHealth Group Q2 2024,"{'ticker': 'UNH', 'filing_year': 2024, 'form_type': '10-Q'}","The candidate answer correctly states the 85.1% medical care ratio for the quarter ending June 2024, matching the reference answer in value, units, and period.","The candidate answer correctly cites the 'Medical care ratio (a)' of 85.1% from Doc 2 (UNH_10-Q_2024-08-09), which explicitly states that this ratio is calculated as medical costs divided by premium revenue. This directly answers the question about the proportion of premium revenue spent on medical care for the quarter ending June 2024. All numbers and claims are directly supported by the context."
SEC_042,What was the total profit that UnitedHealth Group recorded at the close of its 2023 annual period?,paraphrased,ANSWER,"UnitedHealth Group's net earnings reported in 2023 is $23,144 million.","<think>
Okay, let's see. The user is asking for the total profit that UnitedHealth Group recorded at the close of its 2023 annual period. I need to find this information in the provided documents.

First, I'll look through the retrieved context. There are three documents here: two 10-Q filings (for the quarters ending August 2 and November 6, 2023) and a 10-K filing for the year ending December 31, 2023. The question is about the annual period, so the 10-K is likely the right place to look because it covers the full year.

Looking at Doc 3, which is the 10-K filed on February 28, 2024, there's a section titled ""Consolidated Statements of Operations"" under the table. The table includes data for the years ended December 31, 2023, 2022, and 2021. 

In the 2023 column under ""Net earnings,"" it shows $23,144 million. Then, there's a line for ""Earnings attributable to noncontrolling interests"" of ($763 million). Subtracting that from the net earnings gives the ""Net earnings attributable to UnitedHealth Group common shareholders."" 

So, $23,144 million minus $763 million equals $22,381 million. The answer should be $22,381 million. Let me verify this in the document again to make sure. The line under the table for ""Net earnings attributable to UnitedHealth Group common shareholders"" for 2023 is indeed $22,381 million. That matches the calculation. The other documents (10-Qs) are for quarterly periods and don't cover the full year, so they aren't relevant here. The answer is correct.
</think>

Reference answer: UnitedHealth Group recorded total profit of $22,381 million attributable to common shareholders for the 2023 annual period.  
Evidence: Net earnings attributable to UnitedHealth Group common shareholders for the year ended December 31, 2023, were $22,381 million (calculated as total net earnings of $23,144 million minus $763 million attributable to noncontrolling interests).  

**Source**:  
From Doc 3 (10-K 2024-02-28):  
- Total net earnings: $23,144 million  
- Earnings attributable to noncontrolling interests: $763 million  
- Net earnings attributable to common shareholders: $22,381 million  

**Calculation**:  
$23,144 million (total net earnings) - $763 million (noncontrolling interests) = **$22,381 million**.",False,1.0,1.0,1.0,5,UnitedHealth Group net income 2023,"{'ticker': 'UNH', 'filing_year': 2023, 'form_type': '10-K'}","The candidate answer correctly identifies the net earnings attributable to UnitedHealth Group common shareholders ($22,381 million) for the 2023 annual period. This aligns with the reference answer's data after accounting for noncontrolling interests ($23,144M - $763M = $22,381M). The units (million) and period (2023 annual) are also correct.","The candidate answer correctly references the 10-K filing (Doc 3) and accurately calculates net earnings attributable to UnitedHealth Group common shareholders ($22,381 million) by subtracting noncontrolling interests ($763 million) from total net earnings ($23,144 million). All numbers and claims are explicitly stated in the retrieved context."
SEC_091,What internal AI system does UnitedHealth use for processing insurance claims?,adversarial,REFUSE,,"<think>
Okay, let's see. The user is asking what internal AI system UnitedHealth uses for processing insurance claims. I need to look through the provided documents to find any mention of specific AI systems they use.

Looking at Doc 1 and Doc 2, they talk about AI and machine learning being important in their information systems and customer-facing products, but they don't name a specific system. Doc 3 mentions risks related to AI but again no specific names. Doc 4 and Doc 5 discuss actuarial models and completion factors for claims processing. They mention that estimates for claims are done using actuarial processes that are automated and consider various factors. However, there's no explicit mention of an AI system's name here either.

Wait, the question is about an internal AI system. The documents mention AI/ML technologies being used, especially in actuarial models and claims processing, but none of them specify a particular system name. The closest they get is talking about automated systems and actuarial models, but those aren't named. So, based on the retrieved context, there's no specific AI system named. The answer should state that the context doesn't provide the name of the internal AI system.
</think>

Reference answer: The retrieved context does not specify the name of the internal AI system used by UnitedHealth Group for processing insurance claims. It only mentions the use of AI/ML technologies and automated actuarial models in claims estimation and system operations.  
Evidence: The filings reference ""actuarial models,"" ""automated"" processes, and ""AI/ML technologies"" but do not name a specific internal AI system.",False,,1.0,,5,UnitedHealth insurance claims processing AI system,"{'ticker': 'UNH', 'filing_year': None, 'form_type': nan}",,"The candidate answer correctly states that the retrieved context does not specify the name of the internal AI system used by UnitedHealth Group. The context only mentions the use of AI/ML technologies and automated actuarial models in claims processing, which aligns with the answer's claims."
